Country,City,AQI Value,CO AQI Value,Ozone AQI Value,NO2 AQI Value,PM2.5 AQI Value,Latitude,Longitude,cluster
Indonesia,Pontianak,44.0,1.0,15.0,0.0,44,-0.0226903,109.3447488,1
Philippines,Dipolog,30.0,1.0,17.0,0.0,30,8.5864062,123.3449371,1
Philippines,Guiset,66.0,1.0,26.0,1.0,66,15.7208747,120.7775143,1
Indonesia,Tidore,21.0,0.0,13.0,0.0,21,0.6786796,127.4483156,1
Philippines,Toboso,54.0,1.0,20.0,0.0,54,10.7169474,123.5135576,1
Philippines,Jasaan,59.0,1.0,32.0,0.0,59,8.6504031,124.7547085,1
Philippines,Indang,50.0,0.0,24.0,0.0,50,14.1958306,120.8784148,1
Thailand,Sungai Kolok,65.0,1.0,34.0,0.0,65,5.9647397,101.9428436,1
Indonesia,Sungaipenuh,17.0,1.0,13.0,0.0,17,-2.0626480000000003,101.40162048740046,1
Philippines,Tagaytay,41.0,1.0,25.0,1.0,41,14.1031439,120.9320545,1
Philippines,Talacogon,37.0,1.0,19.0,0.0,37,8.4486711,125.7861565,1
Philippines,Tantangan,35.0,1.0,20.0,0.0,35,6.6191395,124.748923,1
Indonesia,Tarogong,88.0,2.0,51.25,1.0,88,-7.2004633,107.8784677,2
Myanmar,Akyab,136.25,1.0,46.0,0.0,135,20.15,92.9,2
Malaysia,Ayer Keroh,59.0,1.0,34.0,0.0,59,2.255986,102.2915442,1
Thailand,Ban Phai,52.0,0.0,28.0,0.0,52,16.0595155,102.7254663,1
Malaysia,Bandar Penggaram,76.0,1.0,39.0,0.0,76,1.8472584,102.9346697,1
Philippines,Bangued,27.0,0.0,23.0,0.0,27,17.5965664,120.6179987,1
Malaysia,Batu Gajah,92.0,2.0,51.25,1.0,92,4.470533,101.036989,2
Philippines,Catbalogan,68.0,1.0,26.0,0.0,68,11.7753199,124.8829549,1
Indonesia,Binjai,92.0,2.0,45.0,0.0,92,3.6063964,98.4899865,2
Philippines,Baras,51.0,1.0,27.0,1.0,51,13.6643872,124.44613011834204,1
Thailand,Nong Bua,38.0,0.0,20.0,0.0,38,14.0604662,99.4473663,1
Thailand,Nong Han,57.0,0.0,25.0,0.0,57,18.9493272,98.9829111,1
Philippines,Palo,55.0,1.0,20.0,0.0,55,11.159448,124.9908138,1
Indonesia,Pamekasan,54.0,1.0,35.0,0.0,54,-7.1605439,113.4826273,1
Thailand,Phanom Thuan,42.0,0.0,19.0,0.0,42,14.129361,99.6998199,1
Thailand,Phatthalung,59.0,1.0,27.0,0.0,59,7.543525,99.9971582,1
Thailand,Phetchaburi,35.0,0.0,17.0,0.0,35,13.0692869,99.6044376,1
Indonesia,Prabumulih,49.0,1.0,30.0,0.0,49,-3.4382688,104.2310181,1
Indonesia,Pringsewu,63.0,2.0,40.0,0.0,63,-5.36668925,104.97221206481078,2
Thailand,Phrai Bung,53.0,0.0,27.0,0.0,53,15.24700675,104.84934569093464,1
Thailand,Ranong,36.0,0.0,16.0,0.0,36,10.0469546,98.6870133,1
Philippines,Romblon,50.0,1.0,23.0,0.0,50,12.5,122.2,1
Thailand,Dan Khun Thot,56.0,1.0,31.0,0.0,56,15.2087873,101.7688474,1
Thailand,Lam Luk Ka,66.0,1.0,28.0,1.0,66,13.9627225,100.7726095,1
Philippines,Lamacan,70.0,1.0,21.0,0.0,70,10.0273053,123.5974645,1
Philippines,Lianga,50.0,1.0,20.0,0.0,50,8.6330237,126.0934758,1
Malaysia,Limbang,95.0,3.5,51.25,0.0,46,4.3519985,115.06024165665087,2
Indonesia,Lubuk Pakam,98.0,2.0,47.0,0.0,98,3.5603701,98.8766933,2
Philippines,Lucena,32.0,1.0,29.0,0.0,32,13.9358509,121.6130954,1
Philippines,Malandag,55.0,1.0,19.0,0.0,55,6.308396,125.2522511,1
Myanmar,Kyaiklat,61.0,0.0,21.0,0.0,61,16.506579,95.65004788974036,1
Cambodia,Kampot,59.0,1.0,27.0,0.0,59,10.6314754,104.132637,1
Malaysia,Masjid Tanah,79.0,2.0,36.0,0.0,79,2.3522253,102.1089793,2
Philippines,Medellin,78.0,1.0,31.0,0.0,78,11.1283811,123.9615625,1
Indonesia,Mojoagung,136.25,3.0,51.25,2.0,135,-7.5699054,112.344923,2
Philippines,Montalban,70.0,1.0,23.0,2.0,70,14.7324746,121.1452701,1
Thailand,Khiri Mat,81.0,0.0,23.0,0.0,81,16.8324882,99.8054296,1
Myanmar,Loikaw,15.0,0.0,15.0,0.0,10,19.674167,97.2094441,1
Philippines,Manay,25.0,0.0,15.0,0.0,25,7.214086,126.5393643,1
Philippines,Manibaug,65.0,1.0,22.0,1.0,65,15.10937955,120.56568080520614,1
Malaysia,Lahad Datu,48.0,1.0,15.0,0.0,48,5.0215726,118.3275533,1
Indonesia,Lamongan,136.25,3.0,51.25,1.0,135,-7.1204411,112.4155881,2
Indonesia,Karang Tengah,105.0,2.0,51.25,1.0,105,-4.1831304,104.5536465,2
Indonesia,Kembaran,54.0,1.0,29.0,1.0,54,-7.3940996,109.987961,1
Thailand,Lang Suan,32.0,0.0,16.0,0.0,32,9.9492883,99.0764176,1
Philippines,Lun,15.0,0.0,15.0,0.0,15,38.907488,-77.03813305272263,1
Indonesia,Malang,67.0,1.0,36.0,0.0,67,-7.9771206,112.6340291,1
Philippines,Malaya,57.0,1.0,25.0,1.0,57,13.21989,121.271418,1
Philippines,Manapla,54.0,1.0,22.0,0.0,54,10.9591466,123.1234936,1
Philippines,Margosatubig,17.0,0.0,16.0,0.0,17,7.5765795,123.1689932,1
Thailand,Kumphawapi,57.0,0.0,24.0,0.0,57,17.110016,103.0153298,1
Indonesia,Kutoarjo,58.0,1.0,28.0,0.0,58,-7.72603,109.9070809,1
Indonesia,Mataram,34.0,1.0,25.0,0.0,34,-8.5837726,116.10685,1
Indonesia,Mertoyudan,66.0,1.0,32.0,1.0,66,-7.5108329,110.2241571,1
Indonesia,Driyorejo,136.25,2.0,51.25,2.0,135,-7.3654117,112.6017226,2
Malaysia,Gurun,54.0,1.0,47.0,0.0,54,5.8186842,100.4762517,1
Indonesia,Ngaglik,60.0,1.0,29.0,1.0,60,-7.6082371,109.9857127,1
Thailand,Phuket,43.0,1.0,33.0,0.0,43,7.9366015,98.3529292,1
Indonesia,Purwakarta,101.0,2.0,51.25,1.0,101,-6.5607313,107.4439799,2
Indonesia,Palembang,74.0,2.0,47.0,0.0,74,-2.9888243,104.7568507,2
Indonesia,Pameungpeuk,97.0,2.0,51.25,1.0,97,-7.6318844,107.7307524,2
Philippines,Pantubig,62.0,1.0,23.0,1.0,62,14.9654954,120.9529641,1
Myanmar,Labutta,30.0,1.0,30.0,0.0,28,15.96214255,94.94954345009798,1
Indonesia,Leuwiliang,136.25,3.5,8.0,2.5,135,-6.5745161,106.6343847,0
Indonesia,Sidareja,136.25,3.5,7.0,2.5,135,-7.4863529,108.8075095,0
Indonesia,Wlingi,136.25,3.5,10.0,2.5,135,-8.088369,112.3199588,0
Indonesia,Mlonggo,82.0,2.0,50.0,1.0,82,-6.5920048,110.6758943,2
Thailand,Nakhon Sawan,21.0,0.0,21.0,0.0,20,15.7054772,99.9288481,1
Indonesia,Ngoro,121.0,2.0,51.25,1.0,121,-7.5519339,112.6186026,2
Malaysia,Chaah,81.0,1.0,44.0,0.0,81,2.2488989,103.0429494,2
Thailand,Dok Kham Tai,24.0,0.0,24.0,0.0,17,19.1625658,99.9906059,1
Philippines,Domalandan,60.0,1.0,25.0,1.0,60,16.006009,120.1886094,1
Indonesia,Ciampea,136.25,3.5,51.25,2.0,126,-6.57900005,106.70201811631512,2
Philippines,Claveria,95.0,1.0,23.0,0.0,95,18.6051605,121.080641,1
Thailand,Bo Phloi,29.0,0.0,19.0,0.0,29,14.3253091,99.5150537,1
Indonesia,Balaipungut,57.0,2.0,12.0,2.0,57,1.1066382,101.3073326,0
Thailand,Ban Dung,82.0,3.0,8.0,2.5,82,17.6964507,103.2587765,0
Indonesia,Bandung,136.25,3.5,6.0,2.5,135,-6.9215529,107.6110212,0
Indonesia,Boyolali,136.25,3.5,2.0,2.5,135,-7.387211799999999,110.70386905900187,0
Indonesia,Brebes,136.25,3.5,23.0,2.5,135,-7.05207115,108.88813597074842,0
Philippines,Bulihan,75.0,1.0,27.0,2.5,75,14.0358022,121.1372793,0
Philippines,Casisang,57.0,1.0,9.0,2.5,57,8.1348624,125.1269136,0
Thailand,Chiang Rai,67.0,2.0,13.0,2.0,67,19.7589517,99.6734592,0
Indonesia,Sabang,40.0,1.0,23.0,0.0,40,5.8927453,95.3225751,1
Thailand,Samut Sakhon,53.0,1.0,23.0,0.0,53,13.5708192,100.2585874,1
Thailand,Phibun Mangsahan,57.0,1.0,24.0,0.0,57,15.2455945,105.2362056,1
Cambodia,Phumi Samraong,58.0,1.0,30.0,0.0,58,11.5114172,104.7278726,1
Philippines,Pinamungahan,58.0,1.0,23.0,0.0,58,10.2699726,123.5840189,1
Philippines,Alabel,19.0,0.0,16.0,0.0,19,6.1027828,125.2920305,1
Thailand,Seka,57.0,1.0,28.0,0.0,57,17.9287871,103.9549799,1
Indonesia,Sumber,54.0,1.0,34.0,0.0,54,-6.7975379,111.2564957,1
Indonesia,Waingapu,55.0,0.0,25.0,0.0,55,-9.652179,120.2636908,1
Philippines,Angeles,65.0,1.0,22.0,1.0,65,15.1389351,120.5875321,1
Philippines,Astorga,39.0,1.0,15.0,0.0,39,11.2626327,124.7660094,1
Indonesia,Balung,100.0,2.0,45.0,1.0,100,-8.275754,113.537299,2
Philippines,Bocaue,65.0,1.0,23.0,1.0,65,14.7954178,120.9253578,1
Philippines,Buayan,36.0,0.0,16.0,0.0,36,6.1122217,125.1721893,1
Philippines,Carmen,80.0,1.0,26.0,0.0,80,7.3556822,125.7044546,1
Malaysia,Tanah Merah,76.0,1.0,30.0,0.0,76,5.7663046,102.0341478,1
Malaysia,Tanjong Malim,90.0,2.0,47.0,0.0,90,3.6900079,101.5234848,2
Philippines,Urdaneta,77.0,1.0,26.0,1.0,77,15.9759995,120.5668992,1
Indonesia,Wanaraja,57.0,1.0,29.0,1.0,57,-7.2190966,109.7456932,1
Malaysia,Sri Aman,50.0,1.0,10.0,0.0,50,1.2097123,111.28660915557279,1
Indonesia,Sukaraja,67.0,1.0,40.0,1.0,67,-4.6246258,103.7692672,2
Thailand,Pak Phanang,69.0,2.0,34.0,0.0,69,8.3476389,100.1996122,1
Thailand,Prachin Buri,57.0,1.0,30.0,1.0,57,14.1542055,101.5547823,1
Indonesia,Prigen,136.25,3.0,51.25,2.0,135,-7.6805545,112.6406232,2
Indonesia,Sibolga,35.0,0.0,14.0,0.0,35,1.736957,98.78461,1
Thailand,Sing Buri,32.0,0.0,26.0,0.0,32,14.9936716,100.3602963,1
Thailand,Non Sung,50.0,1.0,28.0,0.0,50,14.6035364,104.3987442,1
Indonesia,Sumbawa,25.0,1.0,25.0,0.0,21,-8.5949025,117.27160682483327,1
Indonesia,Klangenan,67.0,1.0,38.0,1.0,67,-6.6820585,108.4470156,1
Myanmar,Kanbe,58.0,0.0,23.0,0.0,58,16.705278,96.001667,1
Thailand,Kathu,40.0,0.0,23.0,0.0,40,7.9083375,98.34232741383948,1
Indonesia,Kebonarum,65.0,1.0,32.0,1.0,65,-6.974232,110.432749,1
Indonesia,Kebumen,61.0,1.0,34.0,0.0,61,-7.6686894,109.6519465,1
Malaysia,Jerantut,48.0,1.0,31.0,0.0,48,4.2834137,102.5575232,1
Philippines,Jolo,30.0,1.0,15.0,0.0,30,6.0536561,121.0002644,1
Philippines,Titay,100.0,1.0,17.0,0.0,100,7.8692108,122.5607307,1
Thailand,Si Sa Ket,54.0,0.0,28.0,0.0,54,14.9222,104.4439596,1
Indonesia,Sidoarjo,136.25,2.0,51.25,2.0,135,-7.45597405,112.66088771295344,2
Malaysia,Semporna,15.0,1.0,14.0,0.0,15,4.4790651,118.6118806,1
Cambodia,Svay Rieng,53.0,1.0,26.0,0.0,53,11.1942275,105.7973275083619,1
Philippines,Guiuan,52.0,1.0,19.0,0.0,52,11.0305112,125.7238087,1
Thailand,Hat Yai,61.0,1.0,23.0,0.0,61,7.0074644,100.4689889,1
Indonesia,Kaliwungu,113.0,3.0,51.25,2.0,113,-7.4617145,110.6147021,2
Indonesia,Genteng,41.0,1.0,25.0,0.0,41,-7.260498500000001,112.74517399092005,1
Indonesia,Gatak,79.0,2.0,45.0,1.0,79,-7.5909215,110.7449837,2
Thailand,Chanthaburi,34.0,0.0,20.0,0.0,34,12.9081033,102.0159145,1
Indonesia,Cileungsi,136.25,3.0,51.25,2.0,135,-6.3982206,106.98189239498828,2
Indonesia,Ciranjang,109.0,2.0,51.25,1.0,109,-6.7864594,107.2832236,2
Malaysia,Buloh Kasap,68.0,1.0,40.0,0.0,68,2.5510589,102.7681181,1
Philippines,Bustos,71.0,1.0,23.0,1.0,71,14.954736,120.919111,1
Philippines,Bambang,53.0,1.0,26.0,0.0,53,16.3850624,121.1054715,1
Indonesia,Banjarmasin,42.0,1.0,20.0,0.0,42,-3.3247398500000003,114.59750526571096,1
Philippines,Barra,52.0,1.0,27.0,1.0,52,8.590497,123.3409935,1
Philippines,Iba,111.0,1.0,24.0,2.0,111,15.3264614,119.9801043,0
Malaysia,Kangar,105.0,2.0,13.0,2.5,105,6.4389312,100.1944838,0
Philippines,Kawit,74.0,1.0,28.0,2.5,74,14.4443142,120.9033242,0
Philippines,San Jacinto,89.0,1.0,27.0,2.5,89,12.5677,123.7337,0
Philippines,San Miguel,136.25,3.0,19.0,2.5,135,9.9863216,124.3385695,0
Philippines,Oroquieta,93.0,1.0,18.0,0.0,93,8.4858864,123.8077767,1
Indonesia,Pacet,98.0,2.0,51.25,1.0,98,-7.6665791,112.5371895,2
Indonesia,Wonosobo,81.0,2.0,48.0,0.0,81,-7.39979995,109.92096446847731,2
Indonesia,Weleri,81.0,2.0,51.25,0.0,81,-6.970644,110.0697728,2
Thailand,Wapi Pathum,58.0,0.0,29.0,0.0,58,15.8428831,103.3799977,1
Indonesia,Martapura,28.0,1.0,20.0,0.0,28,-3.4086465,114.848837,1
Malaysia,Melaka,61.0,1.0,31.0,0.0,61,2.3293744,102.2880962,1
Myanmar,Myingyan,27.0,0.0,27.0,0.0,20,21.4587531,95.3924129,1
Thailand,Nong Kung Si,57.0,0.0,27.0,0.0,57,16.6505827,103.2927122,1
Philippines,Trento,58.0,1.0,20.0,0.0,58,8.043508,126.0633157,1
Thailand,U Thong,32.0,0.0,21.0,0.0,32,14.3763671,99.8962761,1
Indonesia,Surabaya,136.25,1.0,45.0,1.0,135,-7.2459717,112.7378266,2
Philippines,Tagbilaran,98.0,1.0,17.0,0.0,98,9.6402611,123.8559809,1
Thailand,Klaeng,56.0,0.0,25.0,1.0,56,12.7792276,101.650471,1
Philippines,Malvar,53.0,0.0,23.0,1.0,53,14.0472848,121.157631,1
Philippines,Mangaldan,51.0,0.0,24.0,1.0,51,16.0702806,120.4037803,1
Philippines,Marawi,45.0,1.0,19.0,0.0,45,8.0047262,124.2854351,1
Thailand,Lom Sak,34.0,0.0,25.0,0.0,34,16.7770781,101.2431565,1
Thailand,Kaeng Khoi,57.0,1.0,30.0,1.0,57,14.5897806,101.0001303,1
Indonesia,Bojonegoro,104.0,2.0,49.0,0.0,104,-7.158753000000001,111.88660450042843,2
Indonesia,Bone,17.0,0.0,17.0,0.0,14,-4.680101799999999,120.09467349780329,1
Philippines,Bontoc,26.0,0.0,26.0,0.0,22,17.0891276,120.977394,1
Thailand,Huai Yot,54.0,1.0,32.0,0.0,54,7.7860509,99.6381616,1
Indonesia,Gresik,115.0,1.0,43.0,1.0,115,-5.79334655,112.6598223201143,2
Indonesia,Sijunjung,42.0,1.0,20.0,0.0,42,-0.6964425,100.9936303,1
Indonesia,Sleman,63.0,1.0,34.0,1.0,63,-7.6894175,110.38129042693123,1
Malaysia,Kampar,60.0,1.0,43.0,1.0,60,4.3,101.15,2
Malaysia,Kluang,80.0,1.0,38.0,0.0,80,2.0323472,103.3190766,1
Philippines,Tagoloan,54.0,1.0,18.0,2.5,54,8.1268565,124.2767478,0
Philippines,Tagum,91.0,2.0,6.0,2.5,91,7.4470784,125.8094853,0
Indonesia,Talang,136.25,3.5,18.0,2.5,135,-8.0018987,111.8702484,0
Philippines,Mapandan,97.0,2.0,27.0,2.5,97,16.0269118,120.4537476,0
Indonesia,Lebaksiu,86.0,2.0,51.25,1.0,86,-7.0469368,109.1467653,2
Philippines,Ma Ao,36.0,1.0,18.0,0.0,36,10.4886688,122.9900129,1
Malaysia,Kuala Lumpur,76.0,2.0,41.0,2.0,76,3.1516964,101.6942371,2
Thailand,Kut Chap,45.0,1.0,28.0,0.0,45,17.4196097,102.5661535,1
Indonesia,Manado,30.0,0.0,16.0,0.0,30,1.4900578,124.8408708,1
Philippines,Mansalay,24.0,0.0,24.0,0.0,22,12.5204987,121.4389813,1
Thailand,Det Udom,54.0,1.0,29.0,0.0,54,14.9036924,105.0757106,1
Thailand,Trat,28.0,0.0,17.0,0.0,28,12.2593544,102.4268871,1
Philippines,San Pedro,56.0,1.0,25.0,2.0,56,14.3639435,121.056771,1
Indonesia,Salatiga,83.0,2.0,49.0,1.0,83,-7.3302642,110.4995353,2
Indonesia,Sepatan,136.25,3.5,51.25,2.5,135,-6.12319355,106.58398020360181,2
Indonesia,Pamulang,136.25,3.5,51.25,2.5,135,-6.33321675,106.7226635889224,2
Indonesia,Pandaan,136.25,3.0,51.25,2.0,135,-7.6532322,112.6872932,2
Indonesia,Parung,136.25,3.5,51.25,2.0,135,-6.4405056,106.71719959625597,2
Thailand,Ban Bung,43.0,0.0,16.0,2.0,43,17.4936625,101.0729964,1
Indonesia,Banjar,75.0,1.0,46.0,0.0,75,-3.3187496,114.5925828,2
Indonesia,Bogor,136.25,3.5,51.25,2.0,135,-6.5962986,106.7972421,2
Philippines,New Visayas,39.0,1.0,19.0,0.0,39,7.5888996,124.9829793,1
Malaysia,Nibong Tebal,66.0,1.0,47.0,0.0,66,5.1700963,100.4785191,2
Thailand,Nong Chik,57.0,1.0,32.0,0.0,57,6.8438437,101.1786117,1
Thailand,Nonthaburi,63.0,1.0,25.0,1.0,63,13.8610918,100.3456772,1
Philippines,Norala,30.0,1.0,17.0,0.0,30,6.5212891,124.6604473,1
Indonesia,Muntilan,71.0,1.0,37.0,1.0,71,-7.60616105,110.25850625745773,1
Indonesia,Ciparay,91.0,2.0,51.25,1.0,91,-7.2696909,106.6187283,2
Malaysia,Bandar Maharani,75.0,1.0,31.0,0.0,75,2.0425046,102.5658852,1
Thailand,Bang Kruai,59.0,1.0,23.0,1.0,59,13.8027856,100.4773195,1
Thailand,Bang Len,45.0,1.0,26.0,1.0,45,13.8484934,100.4366748,1
Malaysia,Beaufort,63.0,3.5,36.0,0.0,63,5.3470611,115.7430094,2
Philippines,Buenlag,58.0,0.0,23.0,1.0,58,16.0486506,120.2889813,1
Philippines,Cabayangan,30.0,0.0,15.0,0.0,30,7.4362853,125.7410491,1
Philippines,Cadiz,54.0,1.0,23.0,0.0,54,10.956652,123.3057034,1
Indonesia,Tegal,136.25,3.5,25.0,2.5,135,-7.05644335,109.13157658590205,0
Indonesia,Tuban,61.0,1.0,15.0,2.5,61,-6.8962656,112.0650714,0
Indonesia,Gebog,136.25,3.5,2.0,2.5,135,-6.7351047,110.8440684,0
Philippines,Dalipuga,61.0,1.0,17.0,2.5,61,8.3059601,124.258587,0
Thailand,Pong,56.0,1.0,14.0,2.0,56,12.9505662,100.98119,1
Indonesia,Pamanukan,136.25,3.0,22.0,2.5,135,-6.2841644,107.8210101,0
Thailand,Phayuha Khiri,57.0,1.0,17.0,2.0,57,15.4581578,100.1368859,1
Myanmar,Maymyo,69.0,2.0,4.0,2.0,69,22.0331367,96.4667341,0
Indonesia,Merauke,34.0,0.0,21.0,0.0,34,-7.7925193,140.01832515,1
Indonesia,Karanganom,57.0,1.0,32.0,0.0,57,-7.6463532,110.624519,1
Malaysia,Kuala Lipis,70.0,2.0,10.0,2.5,70,4.1869878,102.0544343,0
Myanmar,Kyaukse,66.0,1.0,6.0,2.5,66,21.57803905,96.1521055727707,0
Philippines,Libog,61.0,1.0,22.0,1.0,61,13.2371495,123.7774835,1
Philippines,Saug,31.0,0.0,15.0,0.0,31,7.5382999,125.753854,1
Philippines,Sangali,104.0,0.0,14.0,0.0,104,7.0736762,122.2011183,1
Thailand,Bang Pakong,113.0,3.0,7.0,2.5,113,13.5006858,100.9892704,0
Thailand,Bang Yai,136.25,3.5,4.0,2.5,135,13.8354131,100.3655147,0
Indonesia,Bekasi,136.25,3.5,16.0,2.5,135,-6.2349858,106.9945444,0
Indonesia,Ciledug,136.25,3.5,11.0,2.5,135,-6.2411161,106.704292954179,0
Philippines,Tayug,89.0,1.0,29.0,1.0,89,16.0275524,120.7443637,1
Indonesia,Ubud,35.0,1.0,26.0,0.0,35,-8.5068977,115.2622931,1
Indonesia,Sunggal,76.0,2.0,41.0,0.0,76,3.5754225,98.6142296,2
Philippines,Ormoc,62.0,1.0,22.0,0.0,62,11.0052935,124.6090753,1
Indonesia,Praya,51.0,1.0,25.0,0.0,51,-8.7157359,116.2706282,1
Philippines,Pagadian,44.0,1.0,18.0,1.0,44,7.8249717,123.4365816,1
Philippines,Malabanban,72.0,1.0,27.0,2.5,72,13.9289296,121.4326183,0
Indonesia,Curug,136.25,3.5,6.0,2.5,135,-6.2390565,106.56594964463723,0
Thailand,Phon,93.0,2.0,14.0,2.5,93,15.8137152,102.6007983,0
Philippines,Pili,72.0,1.0,20.0,1.0,72,13.5561041,123.2741192,1
Myanmar,Pyay,31.0,1.0,18.0,0.0,31,18.816667,95.216667,1
Indonesia,Pandegelang,136.25,3.5,17.0,2.5,135,-6.31,106.1058365,0
Philippines,Perrelos,61.0,1.0,29.0,2.0,61,10.1143434,123.6747667,1
Indonesia,Peterongan,136.25,3.0,11.0,2.5,135,-7.5102868,112.4884345,0
Thailand,Phanom Sarakham,108.0,3.0,1.25,2.5,108,13.748243,101.3471785,0
Philippines,Baliuag,65.0,1.0,25.0,2.0,65,14.9542259,120.9009172,1
Philippines,Bangar,30.0,1.0,30.0,0.0,19,16.8937811,120.4229597,1
Indonesia,Bangkalan,136.25,2.0,51.25,1.0,135,-7.04637245,112.89625027008556,2
Philippines,Bacolod,38.0,1.0,19.0,0.0,38,10.6762836,122.9513786,1
Malaysia,Simpang Empat,57.0,1.0,47.0,0.0,57,6.3424075,100.190631,1
Thailand,Sung Noen,35.0,0.0,24.0,0.0,35,14.8975836,101.818529,1
Thailand,Khon Buri,52.0,0.0,28.0,0.0,52,14.5225597,102.2478299,1
Thailand,Ko Samui,45.0,1.0,24.0,0.0,45,9.5071545,99.9957562,1
Indonesia,Kudus,69.0,2.0,51.25,1.0,69,-8.0335973,113.2662242,2
Indonesia,Majalengka,50.0,1.0,31.0,1.0,50,-6.8073627,108.27878604491181,1
Philippines,Malolos,63.0,1.0,24.0,1.0,63,14.843759,120.8113694,1
Indonesia,Diwek,136.25,3.0,51.25,2.0,135,-7.5901685,112.2366182,2
Indonesia,Dukuhturi,77.0,1.0,39.0,0.0,77,-6.9046873,109.1252151,1
Indonesia,Gedangan,136.25,2.0,51.25,2.0,135,-7.5667096,112.5049274,2
Indonesia,Mlati,49.0,1.0,28.0,0.0,49,-7.8935041,111.9673739,1
Thailand,Nakhon Luang,48.0,0.0,29.0,0.0,48,14.4675654,100.6119942,1
Philippines,Talisay,52.0,1.0,23.0,0.0,52,14.0939348,121.0218094,1
Thailand,Uttaradit,66.0,0.0,22.0,0.0,66,17.625163,100.4029452,1
Thailand,Yasothon,58.0,0.0,31.0,0.0,58,16.0282186,104.2748479,1
Thailand,Wang Noi,60.0,1.0,30.0,1.0,60,14.2297772,100.7278878,1
Thailand,Nam Som,44.0,0.0,22.0,0.0,44,17.7817892,102.1261789,1
Philippines,General Emilio Aguinaldo,48.0,0.0,24.0,0.0,48,14.1843333,120.7964033,1
Philippines,Eustaquio Lopez,62.0,1.0,18.0,0.0,62,10.8211091,123.0396276,1
Malaysia,Ayer Itam,54.0,1.0,47.0,0.0,54,5.3881126,100.27869609616539,1
Philippines,Bagabag,46.0,1.0,24.0,0.0,46,16.6055376,121.2533079,1
Thailand,Ban Phaeo,54.0,0.0,21.0,0.0,54,13.5892431,100.1059766,1
Thailand,Bang Bo,67.0,1.0,24.0,1.0,67,13.5737394,100.8363282,1
Malaysia,Batu Arang,58.0,1.0,41.0,1.0,58,3.3149138,101.4710283,1
Philippines,Botolan,70.0,0.0,25.0,0.0,70,15.2889971,120.0247358,1
Philippines,Butuan,54.0,1.0,19.0,0.0,54,8.9483324,125.5369442,1
Philippines,Calatagan,50.0,0.0,23.0,0.0,50,13.8329883,120.6322361,1
Thailand,Ang Thong,47.0,0.0,23.0,0.0,47,14.6495224,100.3170382,1
Thailand,Ao Luk,33.0,0.0,19.0,0.0,33,8.3962974,98.74285572386835,1
Indonesia,Sindang,69.0,1.0,41.0,0.0,69,-6.9566411,109.1035994,1
Cambodia,Sisophon,39.0,0.0,25.0,0.0,39,13.5884004,102.9700274,1
Thailand,Sattahip,34.0,0.0,17.0,0.0,34,12.6281004,100.9147336,1
Indonesia,Simpang,77.0,2.0,10.0,2.0,77,4.3563021,96.1663979,0
Myanmar,Toungoo,23.0,1.0,14.0,0.0,23,18.9402101,96.4332782,1
Philippines,Tukuran,44.0,1.0,17.0,1.0,44,7.8539377,123.5800322,1
Indonesia,Tulungagung,136.25,3.5,13.0,2.5,135,-8.07290355,111.89964078880708,0
Indonesia,Seyegan,136.25,3.5,12.0,2.5,135,-7.731004,110.29843820382959,0
Philippines,Mawab,89.0,2.0,4.0,2.5,89,7.5076424,125.9207138,0
Philippines,Meycauayan,136.25,3.5,22.0,2.5,135,14.7345008,120.9571635,0
Indonesia,Mranggen,136.25,3.5,19.0,2.5,135,-7.5864748,110.342195,0
Philippines,Nagcarlan,86.0,2.0,24.0,2.5,86,14.1365862,121.412739,0
Thailand,Narathiwat,84.0,3.0,20.0,2.0,84,6.4350352,101.8228923,0
Philippines,Dao,64.0,1.0,28.0,2.0,64,11.3940224,122.6852422,1
Indonesia,Wonosari,136.25,3.5,7.0,2.5,135,-7.9649099,110.6018138,0
Indonesia,Atambua,28.0,1.0,22.0,0.0,28,-9.1059581,124.888064,1
Malaysia,Ayer Molek,72.0,1.0,31.0,0.0,72,2.2073206,102.3159868,1
Philippines,Baguio,28.0,0.0,25.0,1.0,28,16.4119905,120.5933719,1
Philippines,Calbayog,36.0,1.0,22.0,0.0,36,12.0669758,124.5946412,1
Indonesia,Cirebon,71.0,2.0,51.25,0.0,71,-6.7137044,108.5608483,2
Malaysia,Cukai,93.0,1.0,38.0,0.0,93,4.2193065,103.4225158,2
Indonesia,Deli Tua,68.0,2.0,41.0,0.0,68,3.4912987,98.6827642,2
Thailand,Yala,53.0,1.0,35.0,0.0,53,6.3344846,101.1409694,1
Indonesia,Jombang,113.0,2.0,51.25,1.0,113,-7.561464,112.24130435297603,2
Philippines,Nibaliw,58.0,1.0,26.0,2.0,58,16.0769384,120.4097808,1
Thailand,Sam Chuk,23.0,0.0,23.0,0.0,23,14.7553466,100.0937691,1
Thailand,Samut Prakan,62.0,1.0,21.0,1.0,62,13.6531651,100.8182578,1
Thailand,Samut Songkhram,29.0,0.0,21.0,0.0,29,13.3576862,99.9619685,1
Thailand,Pak Thong Chai,42.0,0.0,26.0,0.0,42,14.732674,102.0468237,1
Philippines,Pakil,51.0,1.0,23.0,1.0,51,14.3807742,121.4786229,1
Malaysia,Papar,72.0,3.5,45.0,0.0,72,5.7330227,115.9320971,2
Malaysia,Parit Buntar,79.0,2.0,51.25,0.0,79,5.1300016,100.4893897,2
Philippines,Recodo,77.0,0.0,13.0,0.0,77,6.9543663,121.959812,1
Thailand,Rong Kwang,53.0,1.0,24.0,0.0,53,18.3400378,100.3176543,1
Indonesia,Tebingtinggi,84.0,2.0,45.0,0.0,84,0.85371285,102.70974065383373,2
Indonesia,Wedi,64.0,1.0,37.0,1.0,64,-7.7459397,110.5799219,1
Malaysia,Kuala Sungai Baru,65.0,2.0,31.0,0.0,65,2.3609669,102.0389737,1
Philippines,La Carlota,36.0,1.0,18.0,0.0,36,10.425356,122.9224865,1
Philippines,Laguilayan,35.0,1.0,23.0,0.0,35,6.6705977,124.5247745,1
Myanmar,Lashio,21.0,1.0,21.0,0.0,12,22.933333,97.75,1
Philippines,Mahayag,23.0,1.0,15.0,0.0,23,8.129548,123.4378612,1
Indonesia,Majene,43.0,1.0,21.0,0.0,43,-3.5459286,118.9607438,1
Philippines,Malilipot,49.0,1.0,25.0,0.0,49,13.3190483,123.7392658,1
Thailand,Khlung,37.0,0.0,17.0,0.0,37,12.4543683,102.2238394,1
Malaysia,Tangkak,107.0,2.0,17.0,2.5,107,2.25,102.5833333,0
Cambodia,Kampong Cham,35.0,0.0,19.0,0.0,35,12.1174857,105.20800220742942,1
Myanmar,Katha,19.0,1.0,19.0,0.0,18,24.2196736,95.8709264404221,1
Indonesia,Kebomas,136.25,2.0,51.25,1.0,135,-7.1702337,112.6287178,2
Indonesia,Medan,101.0,2.0,51.25,1.0,101,3.5896654,98.6738261,2
Thailand,Chai Badan,48.0,0.0,30.0,0.0,48,15.2087446,101.1177758,1
Thailand,Chaiyaphum,48.0,0.0,28.0,0.0,48,16.2720349,101.7153824,1
Indonesia,Belawan,75.0,2.0,45.0,0.0,75,-0.5791924,114.4500022,2
Malaysia,Bukit Rambai,77.0,2.0,35.0,0.0,77,2.6446921,102.1817189,2
Philippines,Cabagan,46.0,1.0,37.0,0.0,46,17.4264795,121.764914,1
Philippines,Cabinuangan,38.0,1.0,15.0,0.0,38,16.4004176,121.3278408,1
Philippines,Cagsiay,46.0,1.0,30.0,0.0,46,14.3451836,121.7058476,1
Philippines,Cainta,65.0,1.0,23.0,1.0,65,14.5780161,121.1163072,1
Thailand,Ban Mo,50.0,0.0,28.0,0.0,50,14.6167336,100.7264557,1
Philippines,Bani,52.0,0.0,26.0,0.0,52,16.1839974,119.8618795,1
Philippines,Anuling,59.0,1.0,13.0,0.0,59,7.2851206,125.1405189,1
Malaysia,Ayer Tawar,88.0,2.0,51.25,1.0,88,4.299087,100.7580886,2
Philippines,Sibulan,90.0,1.0,15.0,0.0,90,9.3588762,123.2852364,1
Indonesia,Singojuruh,39.0,1.0,25.0,0.0,39,-8.3048844,114.2045767,1
Philippines,Binangonan,52.0,1.0,25.0,1.0,52,14.4647563,121.1923358,1
Philippines,Ramos,136.25,1.0,32.0,1.0,135,15.6658597,120.6397227,2
Thailand,Sakhon Nakhon,50.0,0.0,29.0,0.0,50,17.1904453,103.9730898,1
Thailand,Nakhon Thai,69.0,0.0,23.0,0.0,69,17.1012636,100.8372931,1
Philippines,Naval,60.0,1.0,28.0,0.0,60,11.56179,124.3965267,1
Philippines,New Corella,61.0,1.0,19.0,0.0,61,7.5860365,125.8225661,1
Malaysia,Nilai,67.0,1.0,39.0,1.0,67,2.8029227,101.80010507367382,1
Philippines,Minglanilla,65.0,1.0,22.0,0.0,65,10.2458552,123.7961275,1
Philippines,Mandaue,66.0,1.0,23.0,0.0,66,10.3269049,123.9427295,1
Thailand,Kosum Phisai,54.0,0.0,29.0,0.0,54,16.2495247,103.0663756,1
Malaysia,Kuala Terengganu,75.0,1.0,40.0,0.0,75,5.3296461,103.1383265,1
Thailand,Kamalasai,60.0,0.0,28.0,0.0,60,16.336657,103.5750671,1
Philippines,Ramon,47.0,1.0,27.0,0.0,47,16.7815027,121.5351148,1
Thailand,Phun Phin,34.0,0.0,18.0,0.0,34,13.7951311,100.1740722,1
Philippines,Pio,70.0,1.0,23.0,1.0,70,10.93772,124.0286786,1
Myanmar,Pyinmana,25.0,0.0,22.0,0.0,25,19.738964,96.2088371,1
Indonesia,Purworejo,92.0,2.0,42.0,2.0,92,-7.7073021,109.96651169154023,2
Indonesia,Bumiayu,73.0,1.0,37.0,1.0,73,-3.3508606,104.0523202,1
Indonesia,Banyumas,62.0,1.0,36.0,0.0,62,-7.45507165,109.11674648495966,1
Indonesia,Baturaden,69.0,1.0,35.0,1.0,69,-7.3148244,109.229494,1
Thailand,Khlong Luang,73.0,1.0,27.0,2.0,73,14.0650298,100.6454621,1
Indonesia,Karangsembung,73.0,1.0,41.0,0.0,73,-6.9750768,109.0263452,1
Indonesia,Gombong,63.0,1.0,37.0,0.0,63,-7.6107474,109.5078045,1
Indonesia,Singosari,72.0,1.0,36.0,1.0,72,-7.8925503,112.666452,1
Thailand,Mae Tha,22.0,0.0,22.0,0.0,21,18.1311346,99.510131,1
Thailand,Nang Rong,39.0,0.0,26.0,0.0,39,14.6335691,102.7934292,1
Indonesia,Mojosari,135.0,2.0,51.25,1.0,135,-7.520138,112.5615918,2
Philippines,Molave,38.0,0.0,14.0,0.0,38,8.0927689,123.4849176,1
Indonesia,Jaten,136.25,3.5,8.0,2.5,135,-7.5775839,110.8955643,0
Malaysia,Jitra,134.0,3.0,17.0,2.5,134,6.2667849,100.4197465,0
Indonesia,Kendari,56.0,1.0,18.0,0.0,56,-3.9918068,122.5180066,1
Thailand,Amnat Charoen,46.0,1.0,27.0,0.0,46,15.9949473,104.7328575,1
Philippines,Abucay,47.0,1.0,27.0,1.0,47,14.7213146,120.5348704,1
Philippines,Aguisan,50.0,1.0,17.0,0.0,50,10.1601905,122.8628056,1
Thailand,Phayao,34.0,0.0,26.0,0.0,34,19.341673,100.1854539,1
Thailand,Phon Thong,47.0,0.0,30.0,0.0,47,16.466868,103.5438662,1
Indonesia,Polewali,30.0,1.0,16.0,0.0,30,-3.4332204,119.3527114,1
Malaysia,Ipoh,69.0,1.0,38.0,0.0,69,4.5986817,101.0900236,1
Philippines,Kabankalan,81.0,1.0,16.0,0.0,81,9.9889153,122.8134802,1
Malaysia,Kepala Batas,76.0,1.0,51.25,0.0,76,5.5143846,100.4362369,2
Philippines,Olongapo,66.0,0.0,25.0,0.0,66,14.8314675,120.2835205,1
Indonesia,Padang,57.0,2.0,32.0,0.0,57,-0.9247587,100.3632561,1
Philippines,Penaranda,78.0,1.0,25.0,1.0,78,15.3525981,120.999887,1
Thailand,Phetchabun,44.0,0.0,21.0,0.0,44,16.418027,101.1556825,1
Thailand,Huai Mek,44.0,0.0,28.0,0.0,44,16.600749,103.2216315,1
Philippines,Dadiangas,54.0,0.0,17.0,0.0,54,14.7486548,121.0710087,1
Philippines,Hagonoy,52.0,1.0,27.0,0.0,52,14.8355035,120.7335206,1
Philippines,Dologon,65.0,1.0,20.0,0.0,65,7.839059,125.0448149,1
Indonesia,Citeureup,136.25,3.5,51.25,2.0,135,-6.52095905,106.88729697771764,2
Philippines,Luna,54.0,1.0,23.0,0.0,54,16.9683863,121.7293475,1
Philippines,Mabitac,57.0,1.0,26.0,1.0,57,14.4259361,121.429439,1
Philippines,Mamatid,54.0,1.0,24.0,1.0,54,14.2350374,121.1518885,1
Malaysia,Jenjarom,55.0,1.0,31.0,1.0,55,2.8766037,101.4988405,1
Thailand,Kui Buri,34.0,0.0,16.0,0.0,34,12.0695533,99.8720733,1
Thailand,Non Thai,51.0,0.0,26.0,0.0,51,15.197981,102.0711653,1
Thailand,Thap Than,21.0,0.0,21.0,0.0,19,15.4609786,99.8907866,1
Indonesia,Trenggalek,39.0,1.0,25.0,0.0,39,-8.13593475,111.64019829777817,1
Philippines,Tagas,53.0,1.0,24.0,0.0,53,13.3522286,123.7309745,1
Philippines,Tanza,63.0,1.0,23.0,1.0,63,14.4012163,120.8580466,1
Philippines,Sorsogon,47.0,1.0,26.0,0.0,47,12.833333,123.916667,1
Philippines,Halapitan,47.0,1.0,20.0,0.0,47,8.2491961,125.7530273,1
Philippines,President Roxas,63.0,1.0,26.0,0.0,63,11.4298506,122.9250508,1
Philippines,Rajal,90.0,1.0,27.0,1.0,90,15.9027508,120.7043087,1
Thailand,Sansai,21.0,0.0,21.0,0.0,16,18.8957287,99.0096595,1
Malaysia,Shah Alam,78.0,2.0,43.0,2.0,78,3.0739429,101.5185278,2
Thailand,Plaeng Yao,48.0,0.0,25.0,0.0,48,13.5808177,101.2812719,1
Thailand,Song Phi Nong,35.0,0.0,22.0,0.0,35,12.6879267,101.999104,1
Indonesia,Banjaran,136.25,3.5,10.0,2.5,135,-7.3607985,112.571678,0
Philippines,Cardona,120.0,2.0,30.0,2.5,120,14.4849786,121.2310927,0
Thailand,Chok Chai,72.0,2.0,22.0,2.5,72,14.731245,102.1680339,0
Thailand,Wiset Chai Chan,103.0,2.0,11.0,2.5,103,14.5950475,100.3538907,0
Myanmar,Bago,49.0,0.0,22.0,0.0,49,18.2457067,96.1004931,1
Malaysia,Banting,89.0,1.0,36.0,1.0,89,2.8027574,101.4956767,2
Philippines,Barotac Nuevo,47.0,1.0,22.0,0.0,47,10.8951917,122.7041185,1
Philippines,Bato,57.0,1.0,26.0,0.0,57,10.32793,124.7893242,1
Philippines,Bay,53.0,1.0,23.0,1.0,53,14.1809859,121.284764,1
Philippines,Carranglan,60.0,1.0,25.0,1.0,60,15.9606628,121.0638705,1
Philippines,Bagting,97.0,1.0,32.0,1.0,97,15.5557553,121.2451474,2
Indonesia,Ciamis,60.0,1.0,36.0,0.0,60,-7.3266659,108.3531111,1
Indonesia,Ciawi,136.25,3.5,51.25,2.5,135,-6.7017568999999995,106.88194914940645,2
Indonesia,Cilegon,136.25,3.0,51.25,2.5,135,-6.017389,106.0537688,2
Philippines,Abuyog,45.0,1.0,21.0,0.0,45,10.7467715,125.0120993,1
Thailand,Na Klang,74.0,2.0,12.0,2.5,74,17.3010975,102.2059153,0
Philippines,Naga,72.0,1.0,20.0,1.0,72,13.6240122,123.1850318,1
Myanmar,Taunggyi,39.0,1.0,9.0,1.0,39,20.7907874,97.0364294,1
Indonesia,Godean,136.25,3.5,14.0,2.5,135,-7.7674666000000006,110.29605014348246,0
Philippines,Halayhay,60.0,1.0,26.0,2.5,60,14.3740113,120.8122706,0
Indonesia,Jepara,132.0,3.0,9.0,2.5,132,-6.5899148,110.6672987,0
Indonesia,Kadungora,136.25,3.5,2.0,2.5,135,-7.0899289,107.8864302,0
Indonesia,Ketanggungan,136.25,3.5,17.0,2.5,135,-6.9375405,108.8860305,0
Philippines,Daet,41.0,1.0,27.0,0.0,41,14.112333,122.9556967,1
Philippines,Dagupan,53.0,0.0,24.0,1.0,53,16.043021,120.3337627,1
Philippines,Buanoy,68.0,1.0,20.0,0.0,68,10.4682869,123.7006735,1
Thailand,Wichian Buri,41.0,0.0,22.0,0.0,41,15.6646505,101.1114493,1
Myanmar,Yamethin,25.0,0.0,25.0,0.0,23,20.4849452,96.10688111800728,1
Indonesia,Yogyakarta,54.0,1.0,27.0,0.0,54,-7.9778383999999996,110.36722565020224,1
Philippines,Loma De Gato,68.0,1.0,25.0,1.0,68,14.7912768,121.0083083,1
Philippines,Sasmuan,66.0,1.0,24.0,1.0,66,14.9361811,120.6226542,1
Indonesia,Sampit,45.0,1.0,17.0,0.0,45,-2.5389113,112.949389,1
Thailand,Songkhla,54.0,2.0,41.0,0.0,54,6.8790221,100.5498542,2
Indonesia,Sragen,66.0,1.0,37.0,0.0,66,-7.3924563,110.95302317792749,1
Philippines,Pandacaqui,73.0,1.0,23.0,1.0,73,15.1781441,120.6445356,1
Indonesia,Pare,78.0,1.0,43.0,0.0,78,-7.7688607,112.1964706,2
Indonesia,Pemalang,100.0,2.0,51.0,1.0,100,-7.0110802,109.39140368595727,2
Thailand,Suphan Buri,45.0,0.0,20.0,0.0,45,14.6777,100.0350785,1
Indonesia,Taman,124.0,1.0,39.0,1.0,124,-7.3631369,112.67566204382938,2
Indonesia,Ende,23.0,1.0,23.0,0.0,16,-8.672867499999999,121.69291732410474,1
Philippines,Lalig,90.0,2.0,25.0,2.5,90,13.979233,121.3253343,0
Philippines,Lipa,93.0,2.0,25.0,2.5,93,13.9414686,121.1642877,0
Indonesia,Banda Aceh,17.0,0.0,17.0,0.0,17,5.5528455,95.3192908,1
Philippines,Antipolo,61.0,1.0,23.0,2.0,61,14.5871972,121.1759246,1
Philippines,Sapang,98.0,1.0,22.0,2.0,98,15.8358242,120.4394449,0
Philippines,Papaya,82.0,1.0,27.0,1.0,82,16.3649635,121.355204,1
Indonesia,Plumbon,54.0,1.0,39.0,0.0,54,-7.0525907,111.2933688,1
Indonesia,Gambiran,37.0,1.0,24.0,0.0,37,-7.6714939,112.6592729,1
Indonesia,Gampengrejo,73.0,1.0,38.0,0.0,73,-7.76639945,112.0352595795918,1
Indonesia,Gempol,136.25,2.0,51.25,1.0,135,-7.5794398,112.6904154,2
Philippines,Ipil,136.25,1.0,15.0,0.0,135,7.7825104,122.5869172,1
Philippines,Masalukot,45.0,1.0,27.0,1.0,45,13.999965,121.4427772,1
Malaysia,Mentakab,88.0,1.0,41.0,0.0,88,3.486451,102.3514872,2
Myanmar,Mudon,50.0,0.0,21.0,0.0,50,16.2584883,97.708013,1
Thailand,Nakhon Nayok,59.0,1.0,30.0,1.0,59,14.1494474,101.2177459,1
Thailand,Krabi,65.0,1.0,28.0,0.0,65,8.1111653,99.1097298,1
Indonesia,Loa Janan,54.0,1.0,15.0,0.0,54,-0.5568071,117.10733583259628,1
Philippines,Los Banos,52.0,1.0,24.0,1.0,52,14.1775648,121.2214303,1
Indonesia,Manokwari,10.0,0.0,10.0,0.0,10,-0.8614456,134.0767324,1
Philippines,Santa Catalina,78.0,1.0,16.0,0.0,78,17.5888763,120.3633196,1
Indonesia,Paseh,66.0,1.0,41.0,0.0,66,-7.3438348,109.6666534,1
Indonesia,Singkawang,61.0,1.0,14.0,0.0,61,0.9069861,108.9889657,1
Indonesia,Negara,67.0,3.0,21.0,2.5,67,-8.3585536,114.6218756,0
Philippines,Paombong,103.0,3.0,27.0,2.5,103,14.8363954,120.7874997,0
Philippines,Ozamiz,49.0,1.0,18.0,1.0,49,8.1470175,123.8459793,1
Philippines,Pagsangahan,32.0,0.0,23.0,0.0,32,14.0260567,122.9309783,1
Indonesia,Panarukan,85.0,3.0,17.0,2.5,85,-7.6949745,113.9362263,0
Philippines,Malanday,136.25,3.5,19.0,2.5,135,14.7181214,120.9570468,0
Thailand,Bang Ban,136.25,3.0,7.0,2.5,135,14.3741494,100.4860961,0
Malaysia,Bemban,101.0,2.0,17.0,2.5,101,2.2660985,102.3767641,0
Malaysia,Bukit Baru,93.0,2.0,20.0,2.5,93,2.2176147,102.2734112,0
Philippines,Cebu,51.0,1.0,26.0,1.0,51,10.2931062,123.9020773,1
Thailand,Chachoengsao,136.25,3.0,3.0,2.5,135,13.6093192,101.5467201,0
Thailand,Chaiyo,112.0,2.0,12.0,2.5,112,14.6646588,100.4671088,0
Thailand,Yaring,94.0,1.0,29.0,0.0,94,6.8650106,101.3713314,1
Indonesia,Babakan,54.0,1.0,34.0,0.0,54,-6.86039265,108.71875697343029,1
Malaysia,Beranang,90.0,2.0,44.0,1.0,90,2.8746114,101.8719856,2
Thailand,Betong,51.0,1.0,32.0,0.0,51,5.7718215,101.0715158,1
Indonesia,Cileunyi,64.0,1.0,37.0,1.0,64,-6.9455676,107.7464682,1
Philippines,Taytay,65.0,1.0,23.0,1.0,65,14.5706996,121.13202,1
Indonesia,Tomohon,24.0,1.0,16.0,0.0,24,1.3255914,124.838605,1
Philippines,Bunawan,54.0,1.0,18.0,0.0,54,8.1787968,125.9942065,1
Philippines,Codcod,58.0,1.0,23.0,0.0,58,10.4580638,123.2167268,1
Philippines,Aringay,59.0,1.0,24.0,1.0,59,16.3908215,120.3561677,1
Thailand,Bangkok,69.0,1.0,25.0,1.0,69,13.7524938,100.4935089,1
Indonesia,Bengkalis,38.0,1.0,19.0,0.0,38,1.76972265,101.91243842805495,1
Thailand,Chumphon,41.0,0.0,15.0,0.0,41,10.3782724,99.0077685,1
Indonesia,Cidahu,112.0,2.0,51.25,1.0,112,-7.3752602,106.6213262,2
Thailand,Phra Phutthabat,112.0,2.0,18.0,2.5,112,14.7249566,100.792102,0
Philippines,Pila,89.0,2.0,26.0,2.5,89,14.2347317,121.3640614,0
Philippines,Santa Ana,136.25,2.0,25.0,2.5,135,18.4572501,122.1421667,0
Thailand,Ron Phibun,119.0,3.0,5.0,2.5,119,8.1541306,99.8407292,0
Indonesia,Delanggu,136.25,3.5,3.0,2.5,135,-7.6160548,110.7002444,0
Philippines,Siquijor,54.0,1.0,24.0,0.0,54,9.18,123.58,1
Indonesia,Srono,90.0,3.0,18.0,2.5,90,-8.4046066,114.2628193,0
Philippines,Dumaguete,89.0,1.0,15.0,0.0,89,9.3054777,123.3080446,1
Philippines,Mariveles,42.0,0.0,27.0,0.0,42,14.4340599,120.4862073,1
Thailand,Mukdahan,61.0,0.0,30.0,0.0,61,16.6972385,104.3470293,1
Thailand,Nakhon Phanom,59.0,0.0,28.0,0.0,59,17.1990989,104.6089459,1
Philippines,Mambajao,112.0,1.0,23.0,0.0,112,9.2456944,124.7269435,1
Philippines,Katipunan,136.25,1.0,14.0,0.0,135,14.6312599,121.073293,1
Indonesia,Kepanjen,41.0,1.0,26.0,0.0,41,-8.1320044,112.5733289,1
Indonesia,Kawalu,58.0,1.0,34.0,0.0,58,-1.9593,123.8495,1
Malaysia,Kota Belud,40.0,1.0,22.0,0.0,40,6.3497629,116.4292891,1
Myanmar,Pakokku,25.0,0.0,25.0,0.0,19,21.3342915,95.0765121524959,1
Thailand,Khao Yoi,36.0,0.0,17.0,0.0,36,13.2346535,99.8237962,1
Thailand,Satuk,41.0,0.0,28.0,0.0,41,15.278928050000001,103.27452097266185,1
Thailand,Tak,68.0,0.0,19.0,0.0,68,17.1053568,98.9953943,1
Indonesia,Tangerang,136.25,3.5,51.25,2.5,135,-6.1761924,106.6382161,2
Philippines,Tangub,50.0,0.0,15.0,0.0,50,8.0609053,123.7512585,1
Philippines,Rizal,84.0,1.0,31.0,1.0,84,14.65,121.25,1
Thailand,Chaiya,59.0,1.0,23.0,0.0,59,9.388465,99.1953268,1
Thailand,Ayutthaya,50.0,0.0,27.0,0.0,50,14.3189468,100.5111681,1
Indonesia,Bae,80.0,2.0,51.25,1.0,80,-6.7692484,110.8541378,2
Philippines,Baganga,52.0,1.0,17.0,0.0,52,7.5748266,126.5616958,1
Philippines,Digos,60.0,1.0,20.0,0.0,60,6.7440957,125.3555319,1
Indonesia,Cisarua,136.25,3.0,51.25,1.0,115,-6.70841215,106.96227504141362,2
Indonesia,Wonogiri,51.0,1.0,28.0,0.0,51,-7.9620507,110.95757325155418,1
Philippines,Tagbina,52.0,1.0,20.0,0.0,52,8.4573568,126.1590719,1
Thailand,Tha Rua,51.0,0.0,28.0,0.0,51,14.5624805,100.7244318,1
Myanmar,Thanatpin,59.0,0.0,23.0,0.0,59,17.2932802,96.5786126,1
Thailand,Udon Thani,54.0,0.0,25.0,0.0,54,17.5211917,102.6680012,1
Indonesia,Gorontalo,25.0,0.0,15.0,0.0,25,0.7186174,122.4555927,1
Indonesia,Purbalingga,66.0,1.0,44.0,1.0,66,-7.32733005,109.39989874266684,2
Indonesia,Ceper,67.0,1.0,38.0,1.0,67,-7.6731542,110.6778035,1
Indonesia,Maumere,60.0,1.0,26.0,0.0,60,-8.6256456,122.2192885,1
Philippines,Maramag,36.0,1.0,22.0,0.0,36,7.7611218,125.0047932,1
Philippines,Vigan,31.0,1.0,31.0,0.0,20,17.5755487,120.3872632,1
Thailand,Damnoen Saduak,42.0,0.0,21.0,0.0,42,13.5201944,99.9592936,1
Indonesia,Dampit,53.0,1.0,31.0,0.0,53,-8.2129316,112.7512862,1
Indonesia,Bitung,28.0,0.0,15.0,0.0,28,1.44344,125.1940836,1
Thailand,Pa Sang,22.0,0.0,22.0,0.0,17,18.5222909,98.939963,1
Thailand,Pak Chong,45.0,1.0,26.0,0.0,45,14.7050481,101.4105911,1
Philippines,Pandi,62.0,1.0,25.0,2.0,62,14.8654061,120.9572464,1
Indonesia,Pekalongan,123.0,3.5,51.25,1.0,123,-7.0418471,109.61988748140061,2
Indonesia,Pemangkat,39.0,1.0,16.0,0.0,39,1.156069,108.97129192715386,1
Thailand,Phimai,43.0,0.0,25.0,0.0,43,15.2186109,102.4945756,1
Indonesia,Babat,136.25,3.0,51.25,1.0,135,-3.220707,104.0586265,2
Indonesia,Kresek,136.25,3.5,51.25,2.5,135,-6.148365549999999,106.40313771169049,2
Philippines,Labangan,42.0,0.0,13.0,0.0,42,7.8633445,123.5153101,1
Thailand,Lamphun,21.0,0.0,21.0,0.0,17,18.2661422,98.96749,1
Philippines,Natappian,42.0,1.0,35.0,0.0,42,17.6738427,121.70703872617815,1
Thailand,Huai Thalaeng,42.0,1.0,25.0,0.0,42,14.9981271,102.6453197,1
Indonesia,Sewon,67.0,1.0,36.0,1.0,67,-7.856156349999999,110.35246295798738,1
Thailand,Tha Mai,41.0,0.0,18.0,0.0,41,13.8869847,99.8024761,1
Thailand,Takhli,27.0,0.0,23.0,0.0,27,15.2615395,100.3497755,1
Malaysia,Tanjong Karang,69.0,2.0,45.0,2.0,69,3.4248609,101.1765284,2
Malaysia,Tanjong Sepat,73.0,2.0,30.0,1.0,73,2.659941,101.562905,2
Indonesia,Semarang,136.25,3.5,17.0,2.5,135,-6.9903988,110.4229104,0
Indonesia,Rangkasbitung,136.25,3.5,9.0,2.5,135,-6.3526482,106.2515306,0
Indonesia,Rantauprapat,97.0,3.0,2.0,2.5,97,2.100033,99.82719358387867,0
Philippines,Santa Ignacia,136.25,2.0,25.0,2.5,135,15.6161567,120.4359327,0
Thailand,Bang Krathum,86.0,2.0,14.0,2.5,86,16.5766834,100.2990041,0
Indonesia,Buaran,136.25,3.5,27.0,2.5,135,-6.2156064,106.92316,0
Philippines,Calauan,92.0,2.0,26.0,2.5,92,14.1453986,121.3149851,0
Indonesia,Soreang,136.25,3.5,5.0,2.5,135,-7.0268685,107.5167964,0
Indonesia,Grogol,136.25,3.5,7.0,2.5,135,-6.162071,106.7888748,0
Malaysia,Gua Musang,67.0,2.0,2.0,2.0,67,4.8792724,101.9652332,0
Philippines,Irosin,55.0,1.0,21.0,0.0,55,12.7038417,124.0320966,1
Thailand,Khao Wong,66.0,2.0,19.0,2.0,66,16.6889228,104.087874,0
Indonesia,Pecangakan,136.25,3.0,10.0,2.5,135,-6.9187681,109.5423071,0
Thailand,Bo Rai,40.0,1.0,15.0,1.0,40,12.5763363,102.5388043,1
Philippines,Bugo,53.0,1.0,18.0,2.5,53,8.5074399,124.7547847,0
Malaysia,Bukit Mertajam,136.25,3.0,24.0,2.5,135,5.3642519,100.4609867,0
Philippines,Buluangan,73.0,1.0,27.0,2.0,73,10.5572719,122.5477225,1
Indonesia,Dumai,70.0,2.0,16.0,0.0,70,1.6631967,101.4470369,1
Philippines,Manukan,36.0,1.0,21.0,0.0,36,8.5157792,123.0942844,1
Thailand,Khon Kaen,96.0,2.0,20.0,2.5,96,16.6022387,102.6352933,0
Malaysia,Kinarut,54.0,2.0,11.0,2.5,54,5.8244279,116.0431553,0
Indonesia,Lahat,109.0,3.5,3.0,2.5,109,-3.87934575,103.41408633497844,0
Indonesia,Lhokseumawe,88.0,2.0,21.0,2.0,88,5.1789659,97.1480544,0
Malaysia,Seremban,136.25,3.0,14.0,2.5,135,2.718407,101.94106957295432,0
Indonesia,Samarinda,57.0,1.0,7.0,2.0,57,-0.5154238,117.2578649,0
Indonesia,Sampang,53.0,1.0,20.0,0.0,53,-7.05781575,113.25405409767842,1
Philippines,San Luis,136.25,2.0,26.0,2.5,135,13.8549002,120.9162216,0
Philippines,Santiago,62.0,1.0,13.0,2.5,62,16.6915963,121.5478637,0
Indonesia,Cikeruh,76.0,1.0,39.0,1.0,76,-6.9626056,107.7454476,2
Indonesia,Cimahi,104.0,2.0,51.25,1.0,104,-6.8731527,107.5423099,2
Thailand,Sawang Daen Din,49.0,1.0,29.0,0.0,49,17.4763083,103.4586668,1
Indonesia,Sigli,40.0,1.0,35.0,0.0,40,5.3813126,95.957932,1
Indonesia,Situbondo,51.0,1.0,32.0,0.0,51,-7.7067843,114.0054142,1
Thailand,Nakhon Pathom,35.0,0.0,24.0,0.0,35,13.8918425,100.0165659,1
Indonesia,Lawang,83.0,2.0,40.0,1.0,83,-7.8366237,112.6977587,2
Indonesia,Magelang,60.0,1.0,32.0,0.0,60,-7.4770747,110.2182164,1
Myanmar,Mawlaik,19.0,1.0,19.0,0.0,11,23.633333,94.416667,1
Thailand,Phitsanulok,51.0,0.0,24.0,0.0,51,16.9779975,100.3848239,1
Thailand,Ranot,70.0,2.0,42.0,0.0,70,7.7779926,100.3206609,2
Indonesia,Nabire,24.0,1.0,7.0,0.0,24,-3.360285,135.5023653,1
Thailand,Ratchaburi,98.0,2.0,7.0,2.5,98,13.6317897,99.3558216,0
Malaysia,Paka,65.0,1.0,22.0,2.5,65,4.636872,103.435976,0
Myanmar,Pyapon,32.0,1.0,29.0,0.0,32,16.2890879,95.6800743,1
Indonesia,Pedan,136.25,3.5,6.0,2.5,135,-7.6918699,110.703215,0
Indonesia,Waru,136.25,3.0,51.25,1.0,135,-5.583333,132.308333,2
Thailand,Maha Sarakham,58.0,0.0,28.0,0.0,58,16.1880948,103.2987346,1
Malaysia,Kuala Kangsar,84.0,2.0,51.25,0.0,84,4.7720713,100.9408776,2
Malaysia,Kuala Pilah,64.0,1.0,38.0,1.0,64,2.7430758,102.2154881,1
Thailand,Kamphaeng Phet,136.25,1.0,25.0,0.0,135,16.4183581,99.6111616,1
Indonesia,Kanigoro,38.0,1.0,24.0,0.0,38,-8.1302582,112.2196146,1
Indonesia,Kedungwuni,83.0,2.0,46.0,1.0,83,-6.9723157,109.6502003,2
Thailand,Kalasin,43.0,1.0,28.0,0.0,43,16.5912597,103.6525467,1
Indonesia,Comal,102.0,2.0,51.25,1.0,102,-6.9063768,109.5331389,2
Indonesia,Gondanglegi,50.0,1.0,29.0,0.0,50,-8.1769414,112.6380711,1
Indonesia,Garut,69.0,1.0,33.0,1.0,69,-7.2162543,107.9014912,1
Cambodia,Kampong Chhnang,21.0,0.0,16.0,0.0,21,12.1382025,104.3354098,1
Indonesia,Karangasem,44.0,1.0,26.0,0.0,44,-8.35863175,115.54725814473419,1
Indonesia,Karawang,124.0,3.0,51.25,1.0,91,-6.3050826,107.3002592,2
Malaysia,Kuala Krai,64.0,1.0,27.0,0.0,64,5.4246182,102.1522508,1
Malaysia,Kulai,136.25,1.0,51.25,2.5,135,1.6666667,103.6,2
Philippines,Pulilan,63.0,1.0,23.0,1.0,63,14.9022688,120.8487904,1
Thailand,Sam Phran,55.0,1.0,24.0,0.0,55,13.7258154,100.2138628,1
Indonesia,Serang,136.25,3.5,51.25,2.5,135,-6.10549695,105.9884713457985,2
Indonesia,Perbaungan,76.0,2.0,41.0,0.0,76,3.5674287,98.956266,2
Thailand,Phayakkhaphum Phisai,43.0,0.0,28.0,0.0,43,15.5154777,103.1948473,1
Philippines,Polomolok,41.0,1.0,17.0,0.0,41,6.2202374,125.0628101,1
Thailand,Nong Khai,49.0,0.0,26.0,0.0,49,17.8825057,102.7482277,1
Indonesia,Jogonalan,59.0,1.0,28.0,1.0,59,-7.8291024,110.3510395,1
Thailand,Kranuan,42.0,0.0,28.0,0.0,42,16.7069169,103.0807347,1
Thailand,Lat Yao,20.0,0.0,20.0,0.0,17,15.7515633,99.7899048,1
Philippines,Longos,52.0,1.0,25.0,1.0,52,15.9857192,120.3542029,1
Philippines,Lutayan,53.0,1.0,24.0,0.0,53,6.5597164,124.8581111,1
Philippines,Makati,63.0,1.0,23.0,1.0,63,14.5567949,121.0211226,1
Malaysia,Miri,136.25,3.5,51.25,2.0,135,4.392739,113.9880255,2
Indonesia,Klaten,48.0,1.0,27.0,0.0,48,-7.7124777,110.60305,1
Philippines,Magsaysay,57.0,1.0,23.0,0.0,57,9.036141,125.1434372659738,1
Indonesia,Tondano,29.0,0.0,15.0,0.0,29,1.3012112,124.9108982,1
Malaysia,Ranau,41.0,1.0,27.0,0.0,41,5.9511437,116.6662881,1
Malaysia,Raub,74.0,1.0,35.0,0.0,74,3.7912608,101.8534912,1
Philippines,Roxas,45.0,1.0,27.0,0.0,45,11.5895171,122.7500577,1
Thailand,Sa Kaeo,46.0,0.0,29.0,0.0,46,13.7686129,102.1345352,1
Philippines,Sagay,53.0,1.0,27.0,0.0,53,10.8960681,123.4154617,1
Philippines,Samal,61.0,1.0,16.0,0.0,61,7.0780265,125.7120437,1
Philippines,San Simon,54.0,1.0,27.0,0.0,54,14.9954506,120.7791636,1
Malaysia,Pekan,63.0,1.0,35.0,0.0,63,3.3781961,103.2096122,1
Philippines,Pangil,51.0,1.0,26.0,2.0,51,14.4029123,121.4677652,1
Indonesia,Bambanglipuro,37.0,1.0,24.0,0.0,37,-7.93027285,110.32991404760689,1
Malaysia,Bidor,51.0,1.0,43.0,0.0,51,4.1138861,101.2883647,1
Philippines,Binalbagan,75.0,1.0,18.0,0.0,75,10.1940763,122.8644542,1
Philippines,Angat,73.0,1.0,23.0,1.0,73,14.927794,121.02914,1
Malaysia,Tumpat,68.0,2.0,38.0,0.0,68,6.176396,102.1663281,2
Philippines,Tiwi,62.0,1.0,23.0,0.0,62,13.4569196,123.6796912,1
Myanmar,Wakema,56.0,0.0,22.0,0.0,56,16.6044622,95.1777138,1
Thailand,Wang Saphung,43.0,0.0,23.0,0.0,43,17.299909,101.7679902,1
Thailand,Yang Talat,46.0,0.0,29.0,0.0,46,16.4003186,103.3703038,1
Thailand,Lop Buri,47.0,1.0,28.0,0.0,47,15.026458,100.8089178,1
Philippines,Lumban,57.0,1.0,25.0,2.0,57,14.2974791,121.4590515,1
Malaysia,Lumut,58.0,1.0,44.0,1.0,58,4.2246469,100.6211525,2
Philippines,Manggahan,46.0,1.0,26.0,1.0,46,11.9934235,120.2191641,1
Philippines,Maragondon,30.0,1.0,27.0,1.0,30,14.2741589,120.7350728,1
Indonesia,Singaraja,48.0,1.0,30.0,0.0,48,-8.1133599,115.0839326,1
Thailand,Thoen,39.0,1.0,9.0,1.0,39,17.6052497,99.2094712,1
Philippines,Tuba,55.0,1.0,25.0,2.5,55,16.3927028,120.5602008,0
Malaysia,Sungai Pelek,121.0,3.0,17.0,2.5,121,2.6432355,101.7164195,0
Philippines,Taal,75.0,1.0,21.0,2.5,75,13.8801817,120.9232723,0
Thailand,Den Chai,25.0,0.0,22.0,0.0,25,17.9805247,100.0462183,1
Philippines,Amadeo,40.0,0.0,26.0,0.0,40,14.1698511,120.9217943,1
Thailand,Bang Rakam,92.0,0.0,25.0,0.0,92,16.7562262,100.1171684,1
Malaysia,Batang Berjuntai,97.0,2.0,51.25,1.0,97,3.378008,101.4102245,2
Philippines,Bigaa,53.0,1.0,24.0,0.0,53,13.5934601,124.1930419,1
Indonesia,Bulakamba,83.0,2.0,45.0,1.0,83,-6.8748195,108.9566007,2
Thailand,Chum Phae,43.0,0.0,25.0,0.0,43,16.5400365,102.102223,1
Indonesia,Cisaat,136.25,2.0,51.25,1.0,135,-6.9178947,106.867208,2
Indonesia,Cianjur,96.0,2.0,51.25,1.0,96,-6.8246244,107.14268481408371,2
Indonesia,Cibinong,136.25,3.5,51.25,2.5,135,-6.48243585,106.83832714913994,2
Philippines,Bongabon,75.0,1.0,29.0,0.0,75,15.6321627,121.1459259,1
Indonesia,Besuki,58.0,1.0,37.0,0.0,58,-7.7343144,113.6902407,1
Indonesia,Rengasdengklok,98.0,2.0,51.25,1.0,98,-6.1377011,107.301754,2
Philippines,Telabastagan,71.0,1.0,23.0,1.0,71,15.1142829,120.6088717,1
Thailand,Thap Khlo,50.0,0.0,21.0,0.0,50,16.1678758,100.5786712,1
Indonesia,Ruteng,24.0,1.0,24.0,0.0,19,-8.6110678,120.4645903,1
Indonesia,Sukabumi,97.0,2.0,51.25,1.0,97,-6.9199289,106.9265095,2
Thailand,Surat Thani,33.0,0.0,17.0,0.0,33,9.4674663,98.830042,1
Malaysia,Tapah,51.0,1.0,42.0,0.0,51,4.1990915,101.2599231,1
Philippines,Veruela,54.0,1.0,18.0,0.0,54,8.0710344,125.9540733,1
Cambodia,Phnum Penh,37.0,0.0,18.0,0.0,37,11.568271,104.9224426,1
Myanmar,Myitkyina,48.0,1.0,27.0,0.0,48,25.3833313,97.3999925,1
Philippines,Masinloc,62.0,0.0,25.0,0.0,62,15.5386413,119.9496856,1
Philippines,Tubigon,66.0,1.0,20.0,0.0,66,9.9515287,123.9618897,1
Philippines,Wao,30.0,1.0,20.0,0.0,30,7.6382215,124.7241605,1
Thailand,Nong Khae,63.0,1.0,29.0,1.0,63,14.3360152,100.8714868,1
Philippines,Canlaon,44.0,1.0,17.0,0.0,44,10.386953,123.2186238,1
Indonesia,Balapulang,78.0,2.0,51.25,1.0,78,-7.0498077,109.0978378,2
Myanmar,Bogale,34.0,0.0,24.0,0.0,34,16.2905973,95.3968502,1
Philippines,General Mamerto Natividad,95.0,1.0,31.0,1.0,95,15.6030982,121.0508107,1
Indonesia,Jember,46.0,1.0,27.0,0.0,46,-8.1688563,113.7021772,1
Philippines,Hinatuan,33.0,1.0,18.0,0.0,33,8.3656147,126.3358067,1
Philippines,Santa Elena,30.0,1.0,30.0,0.0,27,14.1799094,122.3923266,1
Thailand,Sadao,58.0,1.0,28.0,0.0,58,6.6364252,100.4213368,1
Philippines,Morong,53.0,1.0,25.0,1.0,53,14.5151374,121.2380858,1
Thailand,Nan,38.0,0.0,23.0,0.0,38,18.7544594,100.624804,1
Indonesia,Tambun,136.25,3.0,51.25,1.0,128,-6.2585874,107.0558099,2
Malaysia,Tampin,64.0,1.0,37.0,0.0,64,2.4721537,102.2323504,1
Thailand,Thanyaburi,64.0,1.0,29.0,1.0,64,14.0201469,100.7345277,1
Indonesia,Wates,73.0,1.0,39.0,0.0,73,-7.88590185,110.14075199888796,1
Philippines,Vallehermoso,51.0,1.0,22.0,0.0,51,10.3354066,123.3266886,1
Indonesia,Lumajang,42.0,1.0,26.0,0.0,42,-8.135205,113.2244162,1
Malaysia,Klang,57.0,1.0,34.0,1.0,57,3.083333,101.416667,1
Malaysia,Kota Tinggi,129.0,1.0,51.25,2.0,129,1.816667,103.966667,2
Malaysia,Kapit,38.0,2.0,14.0,0.0,38,2.0139027,112.9356766,1
Malaysia,Keningau,55.0,1.0,23.0,0.0,55,5.3316751,116.1523241,1
Thailand,Khanu Woralaksaburi,46.0,0.0,20.0,0.0,46,16.0678644,99.8615515,1
Thailand,That Phanom,60.0,2.0,14.0,2.0,60,16.9427657,104.7278553,0
Malaysia,Sungai Petani,136.25,3.0,23.0,2.5,135,5.6435195,100.4869513,0
Thailand,Tak Bai,72.0,2.0,27.0,2.5,72,6.2597802,102.0533967,0
Indonesia,Tanggul,136.25,3.5,9.0,2.5,135,-8.1627667,113.4482705,0
Myanmar,Shwebo,58.0,1.0,11.0,2.0,58,22.5666618,95.6999989,1
Philippines,Silay,72.0,2.0,29.0,2.5,72,10.7994126,122.9756149,0
Philippines,San Pascual,70.0,1.0,25.0,2.5,70,13.7844912,121.0302229,0
Myanmar,Mandalay,71.0,2.0,7.0,2.5,71,21.9596834,96.0948743,0
Indonesia,Barabai,67.0,2.0,5.0,2.0,67,-2.58553,115.3845228,0
Philippines,Cotabato,37.0,1.0,22.0,1.0,37,7.27,124.86,1
Indonesia,Palabuhanratu,136.25,3.5,25.0,2.5,135,-6.9882409,106.5503728,0
Philippines,Baloc,136.25,1.0,29.0,2.0,135,15.6433649,120.8847839,0
Philippines,Calintaan,32.0,0.0,25.0,0.0,32,10.2716813,125.2461576,1
Indonesia,Cepu,76.0,2.0,51.25,1.0,76,-7.1411014,111.5929797,2
Indonesia,Cibitung,136.25,3.0,51.25,1.0,111,-6.2618245,107.0837982,2
Indonesia,Cikupa,136.25,3.5,51.25,2.5,135,-6.21808135,106.5171523661416,2
Indonesia,Amuntai,45.0,1.0,15.0,0.0,45,-2.4196178,115.2539707,1
Philippines,Bais,83.0,1.0,14.0,0.0,83,9.5914759,123.121303,1
Thailand,Bang Sao Thong,59.0,1.0,20.0,1.0,59,13.6002751,100.8200739,1
Indonesia,Rajapolah,58.0,1.0,35.0,0.0,58,-7.2417512,108.1844423,1
Cambodia,Kampong Thum,44.0,1.0,21.0,0.0,44,12.0263549,105.51318051739632,1
Myanmar,Kayan,56.0,0.0,24.0,0.0,56,16.905556,96.563056,1
Thailand,Pa Daet,28.0,0.0,26.0,0.0,28,19.4993982,99.9929974,1
Thailand,Pathum Thani,63.0,1.0,26.0,1.0,63,14.048667,100.5640405,1
Philippines,Lupao,73.0,1.0,23.0,2.0,73,15.8770143,120.8995214,1
Indonesia,Mentok,50.0,1.0,30.0,0.0,50,0.9093,123.1922,1
Indonesia,Parakan,99.0,2.0,51.25,1.0,99,-7.2834552,110.102191,2
Malaysia,Parit Raja,89.0,1.0,39.0,0.0,89,1.8647959,103.1124143,2
Malaysia,Pasir Mas,65.0,2.0,36.0,0.0,65,6.0416128,102.1429248,1
Indonesia,Ngemplak,63.0,1.0,35.0,0.0,63,-7.5258089,110.7965586,1
Philippines,Midsayap,54.0,1.0,25.0,0.0,54,7.1900605,124.5333614,1
Indonesia,Ambarawa,86.0,2.0,51.25,1.0,86,-7.2598228,110.4045522,2
Indonesia,Cibadak,136.25,3.5,51.25,2.5,135,-6.9226316,107.5952567,2
Philippines,Alaminos,42.0,0.0,25.0,1.0,42,16.1553857,119.9792201,1
Malaysia,Bentong,89.0,1.0,42.0,0.0,89,3.5196355,101.9133469,2
Philippines,Buluan,38.0,0.0,20.0,0.0,38,6.7166195,124.7865943,1
Philippines,Tarlac,136.25,2.0,25.0,2.5,135,15.4937252,120.4964091,0
Thailand,Surin,85.0,2.0,18.0,2.5,85,15.0610142,103.7613123,0
Cambodia,Ta Khmau,73.0,1.0,7.0,2.5,73,11.4687395,104.9451162,0
Indonesia,Depok,60.0,1.0,33.0,0.0,60,-6.40719,106.8158371,1
Philippines,Quisao,54.0,1.0,23.0,1.0,54,14.4357299,121.3353245,1
Indonesia,Rantepao,14.0,0.0,14.0,0.0,14,-2.9704575,119.8987167,1
Myanmar,Henzada,50.0,0.0,23.0,0.0,50,17.6457472,95.4609517,1
Thailand,Chon Daen,34.0,0.0,24.0,0.0,34,16.1877761,100.8566287,1
Malaysia,Kuala Perlis,67.0,2.0,51.25,0.0,67,6.4032926,100.1345543,2
Thailand,Lampang,34.0,0.0,23.0,1.0,34,18.6799728,99.7332501,1
Singapore,Singapore,91.0,1.0,29.0,2.5,91,1.357107,103.8194992,0
Indonesia,Sumenep,51.0,1.0,35.0,0.0,51,-7.006745,113.8598666,1
Thailand,Kaeng Khlo,39.0,1.0,28.0,0.0,39,13.70317105,100.52172794561073,1
Indonesia,Karanganyar,72.0,1.0,35.0,0.0,72,-7.5975877,110.946872,1
Indonesia,Kasihan,57.0,1.0,33.0,0.0,57,-7.81472015,110.33358617722354,1
Philippines,Quezon,113.0,1.0,27.0,2.0,113,14.6510546,121.0486254,0
Malaysia,Sabak,51.0,1.0,43.0,1.0,51,6.1731165,102.3196956,1
Malaysia,Kuala Selangor,52.0,1.0,40.0,1.0,52,3.3621022,101.3455503,1
Indonesia,Teluk Nibung,64.0,2.0,32.0,0.0,64,0.4504666,103.4336208,1
Thailand,Tha Muang,41.0,0.0,19.0,0.0,41,16.1137134,103.8728883,1
Indonesia,Srandakan,42.0,1.0,24.0,0.0,42,-7.9599802,110.24073754303028,1
Myanmar,Yenangyaung,42.0,1.0,31.0,0.0,42,20.4608216,94.872961,1
Malaysia,Yong Peng,64.0,1.0,37.0,0.0,64,2.0131679,103.0570724,1
Indonesia,Wanasari,93.0,2.0,46.0,1.0,93,-6.8651849,109.0034952,2
Philippines,Maluso,26.0,0.0,15.0,0.0,26,6.5460893,121.8712404,1
Cambodia,Lumphat,48.0,1.0,24.0,0.0,48,13.4998503,106.9736284,1
Indonesia,Luwuk,18.0,0.0,18.0,0.0,9,-0.9528231,122.7880198,1
Thailand,Mae Sot,18.0,0.0,18.0,0.0,16,16.714992,98.5695528,1
Myanmar,Magway,23.0,0.0,23.0,0.0,18,20.2747958,94.7362245,1
Philippines,Liliw,49.0,1.0,26.0,1.0,49,14.1303236,121.4358499,1
Indonesia,Sinjai,20.0,1.0,20.0,0.0,16,-5.2006665000000005,120.14418652445201,1
Indonesia,Selogiri,46.0,1.0,26.0,0.0,46,-7.7798988,110.8918628,1
Thailand,Hua Hin,29.0,0.0,18.0,0.0,29,12.5646241,99.9551707,1
Indonesia,Kediri,51.0,1.0,30.0,0.0,51,-7.8111057,112.0046051,1
Indonesia,Jambi,81.0,2.0,41.0,0.0,81,-1.6394711,102.94542640112506,2
Indonesia,Jatibarang,91.0,2.0,51.25,1.0,91,-6.4728576,108.3064432,2
Indonesia,Juwana,90.0,2.0,51.25,1.0,90,-6.7116898,111.1514508,2
Myanmar,Rangoon,38.0,0.0,24.0,0.0,38,16.7967129,96.1609916,1
Myanmar,Monywa,26.0,0.0,26.0,0.0,21,22.21360045,95.3422251118846,1
Myanmar,Syriam,62.0,0.0,23.0,0.0,62,16.7648126,96.2509473,1
Thailand,Tha Maka,33.0,0.0,22.0,0.0,33,13.9147738,99.768949,1
Indonesia,Kuningan,56.0,1.0,31.0,0.0,56,-6.9629141,110.4157734,1
Thailand,Long,26.0,0.0,20.0,0.0,26,18.07478,99.8294612,1
Malaysia,Petaling Jaya,97.0,2.0,48.0,1.0,97,3.0988792,101.6454202,2
Thailand,Phichit,26.0,0.0,23.0,0.0,26,16.4551073,100.1924695,1
Thailand,Phrae,62.0,0.0,24.0,0.0,62,18.2930601,100.0886757,1
Philippines,Manila,131.0,3.0,25.0,2.5,131,14.5906346,120.9799964,0
Indonesia,Bangil,136.25,3.0,51.25,2.0,135,-7.5990586,112.7782145,2
Indonesia,Ciputat,136.25,3.5,51.25,2.5,135,-6.31107785,106.71841089195783,2
Malaysia,Bukit Bakri,77.0,1.0,32.0,0.0,77,2.0424892,102.6539628,1
Indonesia,Ambulu,54.0,1.0,33.0,0.0,54,-8.345037,113.6057621,1
Indonesia,Buduran,136.25,3.0,51.25,1.0,135,-7.4266392,112.7236695,2
Philippines,Cagayan De Oro,39.0,1.0,20.0,0.0,39,8.4756417,124.6421532,1
Philippines,Biao,35.0,1.0,16.0,0.0,35,6.3862395,125.4699665,1
Indonesia,Cibeureum,63.0,1.0,40.0,0.0,63,-6.7868216,107.0769535,1
Indonesia,Mayong,80.0,2.0,51.25,1.0,77,-8.2443684,114.9625893,2
Indonesia,Pandak,56.0,1.0,34.0,0.0,56,5.09168,96.8351654,1
Indonesia,Panji,52.0,1.0,32.0,0.0,52,-7.6975156,114.0305382,1
Malaysia,Pekan Nenas,116.0,1.0,36.0,2.5,116,1.5067604,103.512715,2
Malaysia,Peringat,64.0,2.0,36.0,0.0,64,6.0225511,102.2867408,1
Philippines,Paete,51.0,1.0,23.0,1.0,51,14.3641222,121.4815784,1
Malaysia,Kerteh,105.0,1.0,45.0,0.0,105,4.5083051,103.4418038,2
Thailand,Nong Ki,50.0,0.0,27.0,0.0,50,14.0658734,101.804276,1
Myanmar,Allanmyo,37.0,0.0,25.0,0.0,37,19.366667,95.216667,1
Indonesia,Bondowoso,47.0,1.0,29.0,0.0,47,-7.9451279,113.88205897169037,1
Philippines,Pacol,34.0,1.0,18.0,0.0,34,10.4948969,122.8672527,1
Philippines,San Marcelino,47.0,1.0,28.0,0.0,47,14.97381,120.1562867,1
Indonesia,Kisaran,71.0,2.0,36.0,0.0,71,2.9838982,99.6288041,2
Philippines,San Mariano,42.0,1.0,34.0,0.0,42,16.9835964,122.0127684,1
Indonesia,Padalarang,103.0,2.0,51.25,1.0,103,-6.8418453,107.4964916,2
Thailand,Bua Yai,51.0,0.0,25.0,0.0,51,15.5871679,102.4257424,1
Philippines,Bulalacao,44.0,1.0,21.0,0.0,44,12.3261931,121.3437406,1
Indonesia,Cicalengka,101.0,2.0,51.25,1.0,101,-6.9815914,107.8327237,2
Indonesia,Ciomas,136.25,3.0,51.25,2.0,135,-6.5894574,106.7666223,2
Philippines,Batangas,72.0,2.0,25.0,2.5,72,13.9146826,121.0867566,0
Thailand,Chai Nat,62.0,1.0,16.0,2.0,62,15.1453182,99.9010244,1
Myanmar,Kyaikto,22.0,1.0,22.0,0.0,22,17.3091636,97.0096713,1
Philippines,Mendez,81.0,2.0,23.0,2.5,81,14.1300751,120.9051427,0
Thailand,Nam Phong,86.0,2.0,21.0,2.5,86,16.7195764,102.8027756,0
Philippines,Palayan,106.0,2.0,18.0,2.5,106,15.5408666,121.0842988,0
Indonesia,Purwokerto,136.25,3.5,14.0,2.5,135,-7.4279011,109.2408501,0
Indonesia,Jatiroto,136.25,3.5,10.0,2.5,135,-8.1232548,113.364155,0
Indonesia,Kefamenanu,70.0,1.0,16.0,0.0,70,-9.4466443,124.478044,1
Thailand,Bang Phae,133.0,3.0,3.0,2.5,133,13.6940797,99.927898,0
Indonesia,Banyuwangi,101.0,3.0,19.0,2.5,101,-8.3325711,114.14157903949865,0
Indonesia,Gamping,136.25,3.5,12.0,2.5,135,-8.0884761,111.6039637,0
Philippines,Davao,87.0,1.0,17.0,1.0,87,7.0648306,125.6080623,1
Thailand,Si Satchanalai,62.0,1.0,17.0,1.0,62,17.5177681,99.762991,1
Indonesia,Labuhan,136.25,3.0,51.25,1.0,135,-7.222456,113.0783934,2
Philippines,Laoag,28.0,0.0,28.0,0.0,26,18.1973235,120.5935433,1
Indonesia,Nganjuk,136.25,3.5,6.0,2.5,135,-7.6023595,111.9010553,0
Philippines,Del Pilar,136.25,2.0,26.0,2.5,135,14.0899436,122.1183938,0
Philippines,Placer,32.0,1.0,23.0,0.0,32,9.6573961,125.6015055,1
Indonesia,Ambon,27.0,0.0,14.0,0.0,27,-3.6959434,128.178785,1
Philippines,Tubod,26.0,1.0,15.0,0.0,26,8.0486582,123.7961839,1
Indonesia,Kraksaan,69.0,2.0,40.0,1.0,69,-7.7605736,113.4164516,2
Indonesia,Kroya,64.0,1.0,40.0,1.0,64,-7.6299479,109.2540488,1
Malaysia,Kuantan,86.0,1.0,38.0,0.0,86,3.7985637,103.32199,1
Indonesia,Poso,23.0,1.0,11.0,0.0,23,-1.6568513,120.5421575,1
Indonesia,Temanggung,87.0,2.0,51.25,1.0,87,-7.2397576,110.12166479843259,2
Indonesia,Weru,68.0,2.0,49.0,0.0,68,-6.8781242,112.4507761,2
Malaysia,Senai,120.0,1.0,39.0,2.5,120,1.6012009,103.6446799,2
Indonesia,Stabat,55.0,2.0,41.0,0.0,55,3.7546297,98.4581085,2
Thailand,Sukhothai,76.0,1.0,24.0,0.0,76,17.1446985,99.4375845,1
Thailand,Chom Bung,22.0,0.0,22.0,0.0,22,16.3902255,104.1411213,1
Indonesia,Trucuk,66.0,1.0,35.0,1.0,66,-7.12151435,111.84440058118365,1
Myanmar,Thongwa,38.0,0.0,25.0,0.0,38,16.7608437,96.5237188,1
Thailand,Pran Buri,35.0,0.0,18.0,0.0,35,12.3764448,99.9261691,1
Philippines,San Nicolas,62.0,1.0,23.0,1.0,62,16.0703505,120.7624714,1
Thailand,Sawankhalok,73.0,0.0,23.0,0.0,73,17.3146749,99.8323192,1
Indonesia,Payakumbuh,61.0,1.0,25.0,0.0,61,-0.2242687,100.6319419,1
Indonesia,Tanggulangin,136.25,3.0,51.25,1.0,135,-7.7135821,112.8565433,2
Thailand,Selaphum,50.0,1.0,28.0,0.0,50,16.0305888,103.9386585,1
Malaysia,Semenyih,72.0,2.0,36.0,1.0,72,2.9473911,101.8459911,2
Thailand,Phak Hai,54.0,1.0,25.0,1.0,54,14.4582673,100.3693831,1
Thailand,Phanat Nikhom,53.0,1.0,18.0,1.0,53,13.4495893,101.1808862,1
Philippines,Guiljungan,50.0,1.0,16.0,0.0,50,9.9805895,122.6740598,1
Indonesia,Randudongkal,136.25,3.5,8.0,2.5,135,-7.1029102,109.3250826,0
Malaysia,Alor Setar,55.0,1.0,35.0,0.0,55,6.1231908,100.3683962,1
Indonesia,Lasem,93.0,2.0,51.25,1.0,93,-6.6921161,111.451562,2
Indonesia,Karangampel,72.0,1.0,44.0,0.0,72,-6.4635466,108.4402332,2
Malaysia,Kota Bahru,66.0,2.0,38.0,0.0,66,1.6975567,103.8815088,2
Philippines,Iriga,58.0,1.0,26.0,0.0,58,13.4222626,123.4129406,1
Indonesia,Madiun,136.25,3.5,3.0,2.5,135,-7.61188765,111.67319262808837,0
Philippines,Mamburao,34.0,1.0,18.0,0.0,34,13.2248292,120.5960338,1
Philippines,Mankayan,31.0,1.0,21.0,2.5,31,16.8572492,120.7941421,1
Indonesia,Margasari,136.25,3.5,8.0,2.5,135,-6.9541103,107.6573919,0
Philippines,Padada,89.0,1.0,13.0,2.5,89,6.6388664,125.3419089,0
Philippines,Panacan,14.0,1.0,14.0,0.0,10,9.2464008,118.4090357,1
Philippines,Tanauan,63.0,1.0,23.0,0.0,63,14.0853283,121.1528222,1
Indonesia,Tasikmalaya,56.0,1.0,27.0,0.0,56,-7.3262484,108.2201154,1
Myanmar,Thayetmyo,37.0,0.0,25.0,0.0,37,19.3255626,95.1684146,1
Thailand,Prachuap Khiri Khan,28.0,0.0,17.0,0.0,28,11.8057688,99.7967271,1
Indonesia,Purwodadi,69.0,1.0,49.0,0.0,69,-8.3625137,112.8515518,2
Indonesia,Pati,79.0,2.0,51.25,1.0,79,-6.707092449999999,111.08700759039746,2
Philippines,Pililla,50.0,1.0,26.0,1.0,50,14.4811791,121.3075948,1
Thailand,Chon Buri,51.0,0.0,21.0,0.0,51,13.1857117,101.1210777,1
Malaysia,Mersing,63.0,1.0,36.0,0.0,63,2.4298532,103.835494,1
Myanmar,Mogok,22.0,0.0,22.0,0.0,16,22.9228176,96.5054827,1
Philippines,Kabacan,63.0,1.0,28.0,0.0,63,7.1092306,124.8244964,1
Philippines,Tuyom,40.0,1.0,17.0,0.0,40,9.9766201,122.5591367,1
Indonesia,Astanajapura,61.0,1.0,36.0,0.0,61,-6.7903546,108.6193921,1
Myanmar,Chauk,23.0,0.0,23.0,0.0,18,20.8947519,94.8198211,1
Indonesia,Cikarang,132.0,3.0,51.25,1.0,127,-6.2554707,107.1461953,2
Thailand,Ban Tak,42.0,0.0,20.0,0.0,42,17.0428061,99.0703537,1
Indonesia,Batu,78.0,1.0,35.0,1.0,78,-7.8711667,112.5269482,1
Myanmar,Tharrawaddy,54.0,0.0,21.0,0.0,54,17.654413,95.786285,1
Malaysia,Bedong,70.0,1.0,49.0,0.0,70,5.7275567,100.5094517,2
Philippines,Calumpit,63.0,1.0,23.0,1.0,63,14.9151619,120.7636605,1
Philippines,Dulag,54.0,1.0,17.0,0.0,54,10.9532437,125.0334522,1
Myanmar,Dawei,29.0,0.0,22.0,0.0,29,14.0797232,98.1990191,1
Thailand,Photharam,32.0,0.0,22.0,0.0,32,14.3501923,100.5857241,1
Cambodia,Pousat,26.0,0.0,18.0,0.0,26,12.4662592,103.7426829518918,1
Philippines,Pamplona,81.0,1.0,14.0,0.0,81,18.4641165,121.3405544,1
Philippines,Sampaloc,54.0,1.0,23.0,1.0,54,14.6031403,120.993417,1
Thailand,Laem Sing,43.0,1.0,22.0,0.0,43,12.4829002,102.0669053,1
Philippines,Obando,64.0,1.0,23.0,1.0,64,14.70989,120.9365149,1
Indonesia,Sawangan,136.25,3.5,51.25,2.5,135,-7.4937679500000005,110.39235831626016,2
Myanmar,Ye,34.0,0.0,22.0,0.0,34,18.6359711,93.79114469593186,1
Philippines,Zamboanga,54.0,1.0,14.0,0.0,54,18.1888705,120.547657,1
Philippines,Gapan,71.0,1.0,26.0,1.0,71,15.3122806,120.9479433,1
Indonesia,Denpasar,39.0,1.0,24.0,0.0,39,-8.6524973,115.2191175,1
Indonesia,Sooko,136.25,2.0,51.25,1.0,135,-7.48946,112.4251891,2
Indonesia,Jatiwangi,63.0,1.0,37.0,1.0,63,-6.7344859,108.2553794,1
Philippines,Vinzons,41.0,1.0,23.0,0.0,41,14.1739546,122.907596,1
Philippines,Pio Duran,36.0,1.0,25.0,0.0,36,13.0296985,123.4431423,1
Indonesia,Soe,21.0,0.0,19.0,0.0,21,-9.8693222,124.3054796,1
Philippines,Seit,16.0,1.0,16.0,0.0,8,5.9885442,121.2021812,1
Thailand,Chiang Khong,26.0,0.0,24.0,0.0,26,20.2607827,100.406888,1
Thailand,Bamnet Narong,24.0,0.0,24.0,0.0,21,15.5020403,101.6893843,1
Philippines,Bislig,31.0,1.0,18.0,0.0,31,8.2130815,126.3156173,1
Indonesia,Blora,81.0,2.0,51.25,1.0,81,-6.5358729,110.9290999,2
Myanmar,Myanaung,42.0,0.0,23.0,0.0,42,18.1085255,95.14321809927287,1
Myanmar,Minbu,25.0,0.0,25.0,0.0,19,20.346157599999998,94.47291462949808,1
Myanmar,Mae Sai,34.0,1.0,23.0,0.0,34,20.413841,99.8021223,1
Indonesia,Majalaya,84.0,2.0,48.0,1.0,84,-7.0495197,107.7615982,2
Philippines,Orion,43.0,1.0,27.0,1.0,43,14.62157,120.5772317,1
Indonesia,Palimanan,67.0,1.0,48.0,1.0,67,-6.7088893,108.431734,2
Indonesia,Labuhan Deli,103.0,2.0,51.25,1.0,103,3.7316806,98.6734915,2
Philippines,Noveleta,48.0,1.0,27.0,1.0,48,14.4275127,120.8808394,1
Philippines,Tigaon,54.0,1.0,21.0,1.0,54,13.6303411,123.4965413,1
Malaysia,Sungai Udang,92.0,2.0,21.0,2.5,92,2.2841096,102.1338866,0
Indonesia,Tarakan,21.0,1.0,11.0,0.0,21,3.3416343,117.59862807440442,1
Philippines,Carigara,61.0,1.0,23.0,0.0,61,11.3017446,124.6872516,1
Philippines,Bayugan,44.0,1.0,18.0,0.0,44,8.7145642,125.7481892,1
Philippines,Parang,50.0,1.0,18.0,2.0,50,7.3755802,124.267482,1
Malaysia,Sekudai,136.25,3.0,4.0,2.5,135,1.509806,103.6931651,0
Thailand,Wiang Sa,82.0,2.0,4.0,2.5,82,18.5698641,100.751595,0
Indonesia,Pasarkemis,136.25,3.5,10.0,2.5,135,-6.1719337,106.562309,0
Philippines,Pasil,42.0,1.0,16.0,2.5,42,17.3890052,121.1581968,1
Thailand,Non Sang,50.0,0.0,25.0,0.0,50,16.8686402,102.5691417,1
Malaysia,Kuah,104.0,2.0,51.25,0.0,104,6.3224573,99.8475021,2
Thailand,Doembang Nangbuat,44.0,0.0,20.0,0.0,44,14.8577183,100.09490645871983,1
Philippines,Asia,120.0,1.0,13.0,0.0,120,9.6021766,122.4670994,1
Philippines,Victorias,60.0,1.0,19.0,0.0,60,10.9013412,123.0714943,1
Indonesia,Sumedang,67.0,1.0,37.0,0.0,67,-6.8597179,107.9207066,1
Thailand,Suwannaphum,99.0,2.0,15.0,2.5,99,15.5989122,103.798411,0
Indonesia,Metro,63.0,1.0,39.0,0.0,63,-5.1078839,105.3078642,1
Malaysia,Juru,136.25,3.0,27.0,2.5,135,5.3157173,100.4379749,0
Indonesia,Kertosono,136.25,3.5,10.0,2.5,135,-7.5921805,112.1006422,0
Thailand,Mae Chan,32.0,0.0,25.0,0.0,32,16.0311873,98.6621428,1
Myanmar,Nyaunglebin,46.0,0.0,22.0,0.0,46,17.9532219,96.7259854,1
Indonesia,Porong,136.25,3.0,11.0,2.5,135,-7.53058075,112.69915812799618,0
Malaysia,Bintulu,51.0,1.0,12.0,0.0,51,3.1874261,113.0472803,1
Thailand,Bang Khla,57.0,1.0,24.0,1.0,57,13.725256,101.2056903,1
Indonesia,Ungaran,76.0,1.0,42.0,1.0,76,-7.1290892,110.4038912,2
Thailand,Loei,44.0,0.0,22.0,0.0,44,17.3158563,101.4638277,1
Indonesia,Jetis,63.0,1.0,30.0,1.0,63,-7.4159255,112.4727134,1
Thailand,Kabin Buri,58.0,0.0,31.0,0.0,58,13.9895143,101.7226862,1
Philippines,Damilag,52.0,1.0,23.0,1.0,52,8.3553282,124.8126054,1
Indonesia,Ngawi,73.0,1.0,40.0,0.0,73,-7.4422788,111.3869462,1
Philippines,Estancia,51.0,1.0,23.0,0.0,51,11.4564788,123.1509402,1
Thailand,Tha Bo,46.0,0.0,25.0,0.0,46,17.8474846,102.5813523,1
Indonesia,Langsa,72.0,1.0,38.0,0.0,72,4.4730892,97.9681841,1
Myanmar,Thaton,54.0,0.0,22.0,0.0,54,16.9136941,97.3689718,1
Philippines,Bulaon,70.0,1.0,23.0,1.0,70,15.0864351,120.6663126,1
Thailand,Soeng Sang,47.0,0.0,28.0,0.0,47,14.4264637,102.4653796,1
Philippines,Sebu,53.0,0.0,19.0,0.0,53,10.310328,123.97927764356774,1
Malaysia,Segamat,70.0,1.0,41.0,0.0,70,2.5004914,102.8156547,1
Indonesia,Solok,61.0,1.0,32.0,0.0,61,-0.93223105,100.80384988763592,1
Philippines,Guihing,48.0,1.0,18.0,0.0,48,6.6839459,125.3487922,1
Indonesia,Kemang,95.0,2.0,51.25,1.0,95,-3.3949445000000003,104.36153695374253,2
Indonesia,Lembang,136.25,3.5,12.0,2.5,135,-6.8111033,107.6171239,0
Philippines,Lucban,74.0,2.0,22.0,2.5,74,14.114401,121.55486,0
Philippines,Talibon,71.0,1.0,19.0,0.0,71,10.1508006,124.3269236,1
Myanmar,Pyu,42.0,0.0,22.0,0.0,42,18.483333,96.433333,1
Malaysia,Serendah,136.25,3.5,9.0,2.5,135,3.3651433,101.6033076,0
Philippines,Apalit,60.0,1.0,24.0,1.0,60,14.9494832,120.7588083,1
Indonesia,Mendahara,76.0,2.0,37.0,0.0,76,-0.9556509,103.6797702,2
Philippines,Magallon,45.0,1.0,17.0,0.0,45,10.2624995,123.0123312,1
Indonesia,Subang,88.0,2.0,51.25,1.0,88,-6.49838875,107.73954601355435,2
Indonesia,Pangkah,91.0,2.0,46.0,1.0,91,-6.979205,109.1675685,2
Indonesia,Surakarta,69.0,1.0,41.0,1.0,69,-7.5692489,110.828448,2
Thailand,Roi Et,47.0,0.0,30.0,0.0,47,15.7486448,103.7013017,1
Thailand,Pak Kret,57.0,1.0,27.0,1.0,57,13.9120701,100.4974327,1
Indonesia,Ponorogo,42.0,1.0,26.0,0.0,42,-7.97122665,111.49889293326967,1
Indonesia,Tanjung Morawa,72.0,2.0,42.0,0.0,72,3.5173404,98.7926727,2
Myanmar,Meiktila,31.0,1.0,27.0,0.0,31,20.8814233,95.8619463,1
Indonesia,Baki,60.0,1.0,33.0,0.0,60,-7.6110368,110.7836652,1
Malaysia,Pantai Remis,61.0,1.0,51.25,1.0,61,4.455272,100.626025,2
Thailand,Rayong,53.0,0.0,15.0,2.5,53,12.7943716,101.3705344,1
Thailand,Bang Saphan,19.0,1.0,16.0,0.0,19,11.2095023,99.5113754,1
Indonesia,Pasuruan,99.0,1.0,43.0,1.0,99,-7.6399593,112.9070632,2
Indonesia,Plered,116.0,3.0,51.25,1.0,112,-6.6409293,107.3913078,2
Thailand,Trang,56.0,1.0,27.0,0.0,56,7.5892935,99.5032004,1
Myanmar,Twante,58.0,0.0,23.0,0.0,58,16.716667,95.933333,1
Malaysia,Ulu Tiram,136.25,1.0,48.0,2.5,135,1.5993646,103.820877,2
Thailand,Uthai Thani,43.0,0.0,20.0,0.0,43,15.3912084,99.4560531,1
Philippines,Mabalacat,136.25,2.0,25.0,2.5,135,15.2250826,120.5733815,0
Philippines,Goa,48.0,0.0,25.0,0.0,48,13.6973443,123.4885073,1
Philippines,Baao,48.0,0.0,25.0,0.0,48,13.4531948,123.3663867,1
Philippines,Bacoor,52.0,1.0,27.0,1.0,52,14.458816,120.959579,1
Indonesia,Ngawen,60.0,1.0,33.0,0.0,60,-7.83636495,110.6832724278849,1
Philippines,Minalin,67.0,1.0,25.0,2.0,67,14.9681787,120.6849187,1
Indonesia,Pundong,136.25,3.5,16.0,2.5,135,-7.5754349,112.2181746,0
Philippines,Taloc,67.0,2.0,32.0,2.0,67,10.5871853,122.9093178,2
Philippines,Majayjay,51.0,0.0,24.0,1.0,51,14.1455816,121.4725083,1
Myanmar,Maubin,52.0,0.0,21.0,0.0,52,16.95681085,95.53573838553714,1
Indonesia,Wonopringgo,136.25,3.5,21.0,2.5,135,-6.9891917,109.6306792,0
Indonesia,Majenang,62.0,1.0,41.0,1.0,62,-7.2987025,108.7625912,2
Philippines,Mati,23.0,0.0,15.0,0.0,23,6.9514062,126.2167274,1
Indonesia,Cikampek,116.0,3.0,51.25,1.0,93,-6.4064976,107.4588164,2
Indonesia,Galesong,46.0,1.0,26.0,0.0,46,-5.33422455,119.37835427985154,1
Philippines,Cabanatuan,105.0,1.0,30.0,1.0,105,15.4905045,120.9684264,2
Indonesia,Baturaja,68.0,2.0,38.0,0.0,68,-4.1270552,104.1619482,2
Indonesia,Blitar,39.0,1.0,25.0,0.0,39,-8.0982442,112.1650769,1
Thailand,Chiang Kham,30.0,0.0,25.0,0.0,30,19.5237368,100.302163,1
Indonesia,Bengkulu,75.0,2.0,37.0,0.0,75,-3.5186763,102.5359834,2
Indonesia,Biak,15.0,0.0,15.0,0.0,5,-1.1836086,136.0816321,1
Indonesia,Mundu,55.0,1.0,41.0,0.0,55,-7.5970714,110.5602299,1
Thailand,Krathum Baen,54.0,1.0,24.0,0.0,54,13.6553127,100.2670884,1
Malaysia,Labis,88.0,1.0,42.0,1.0,88,2.3868877,103.0199613,2
Malaysia,Pengkalan Kundang,136.25,3.5,12.0,2.5,135,3.019104,101.5608447,0
Thailand,Phan Thong,129.0,3.0,3.0,2.5,129,13.4711731,101.0966223,0
Thailand,Kaset Sombun,34.0,1.0,22.0,0.0,34,16.2798509,101.9526501,1
Thailand,Taphan Hin,53.0,0.0,21.0,0.0,53,16.2207012,100.424099,1
Thailand,Chiang Klang,29.0,0.0,29.0,0.0,29,19.2847032,100.862686,1
Philippines,Amungan,67.0,0.0,25.0,0.0,67,15.3640993,119.958491,1
Indonesia,Jeluko,80.0,2.0,49.0,1.0,80,-6.5863305,110.9882855,2
Indonesia,Kadipaten,63.0,1.0,37.0,0.0,63,-7.80783795,110.35918707346804,1
Indonesia,Indramayu,98.0,2.0,29.0,2.0,98,-4.0517644,103.7798337,0
Thailand,Nakhon Ratchasima,36.0,0.0,25.0,0.0,36,15.2241917,101.9313754,1
Thailand,Bang Mun Nak,22.0,0.0,22.0,0.0,22,16.0285797,100.381161,1
Philippines,Bantay,34.0,0.0,26.0,0.0,34,17.5820178,120.3896288,1
Indonesia,Bandar,51.0,1.0,22.0,0.0,51,-7.9921194,111.2644565,1
Malaysia,Simpang Rengam,94.0,1.0,43.0,1.0,94,1.826736,103.308715,2
Philippines,Solano,56.0,1.0,13.0,2.5,56,16.5180604,121.1806163,0
Indonesia,Serpong,136.25,3.5,10.0,2.5,135,-6.3131287,106.68073925095902,0
Indonesia,Kedungwaru,51.0,1.0,30.0,0.0,51,-7.0070188,111.2132382,1
Malaysia,Kelapa Sawit,117.0,1.0,39.0,2.5,117,1.6763635,103.5294701,2
Philippines,Dasmarinas,54.0,1.0,24.0,1.0,54,14.3270819,120.9370871,1
Philippines,Tuguegarao,39.0,1.0,31.0,0.0,39,17.6118858,121.7300377,1
Indonesia,Tulangan,136.25,3.0,10.0,2.5,135,-7.4655613,112.6510185,0
Malaysia,Pasir Gudang,136.25,2.0,4.0,2.5,135,1.4953437,103.9207048,0
Myanmar,Pathein,30.0,1.0,26.0,0.0,30,16.783333,94.733333,1
Indonesia,Arjawinangun,68.0,2.0,51.25,1.0,68,-6.64465925,108.41453171976391,2
Indonesia,Magetan,42.0,1.0,26.0,0.0,42,-7.6542489,111.33605653488618,1
Philippines,Kiamba,16.0,0.0,16.0,0.0,13,5.9879555,124.6241575,1
Thailand,Kantang,56.0,1.0,27.0,0.0,56,7.4109021,99.5145938,1
Philippines,Hermosa,54.0,1.0,26.0,1.0,54,14.8302478,120.5086406,1
Indonesia,Singaparna,52.0,1.0,29.0,0.0,52,-7.3499098,108.1107502,1
Philippines,Manaoag,84.0,1.0,26.0,1.0,84,16.0230869,120.49480877161355,1
Philippines,Montevista,31.0,1.0,16.0,0.0,31,7.7030449,125.9879183,1
Thailand,Na Wa,56.0,1.0,30.0,0.0,56,17.4836157,104.0973501,1
Malaysia,Pulau Sebang,63.0,2.0,32.0,0.0,63,2.4494099,102.2326551,1
Indonesia,Jati,81.0,2.0,49.0,1.0,81,-6.1920892,106.8979445,2
Thailand,Sai Buri,60.0,1.0,34.0,0.0,60,6.7039359,101.6213564,1
Thailand,Satun,72.0,2.0,51.25,0.0,71,7.0366682,99.9615397,2
Indonesia,Bireun,74.0,1.0,31.0,0.0,74,5.2056495,96.70252045000001,1
Malaysia,Alor Gajah,100.0,2.0,18.0,2.5,100,2.3834528,102.2107805,0
Philippines,Tanay,120.0,2.0,28.0,2.5,120,14.4985359,121.2856331,0
Thailand,Si Bun Ruang,31.0,0.0,25.0,0.0,31,18.9070023,98.9498637,1
Malaysia,Johor Bahru,107.0,1.0,35.0,2.5,107,1.503555,103.7495586,2
Philippines,Kalilangan,43.0,1.0,20.0,0.0,43,7.7469953,124.7469234,1
Philippines,Magarao,55.0,1.0,25.0,0.0,55,13.6607081,123.1851888,1
Philippines,Legaspi,70.0,1.0,22.0,1.0,70,13.1388596,123.7343104,1
Thailand,Mae Ramat,26.0,1.0,9.0,1.0,26,16.9831309,98.5187429,1
Thailand,Pho Thong,106.0,2.0,13.0,2.5,106,16.3136387,103.9327032,0
Philippines,Buru Un,53.0,1.0,20.0,0.0,53,8.1880717,124.1722156,1
Philippines,Angono,63.0,1.0,23.0,1.0,63,14.5258481,121.1529683,1
Thailand,Thung Song,53.0,0.0,16.0,0.0,53,8.166657,99.6774848,1
Thailand,Kanchanaburi,40.0,0.0,19.0,0.0,40,14.44019,99.2676727,1
Indonesia,Tabanan,39.0,1.0,24.0,0.0,39,-8.43958865,115.07186662118337,1
Indonesia,Tarub,86.0,2.0,49.0,0.0,86,-7.0697079,111.018337,2
Philippines,Calamba,54.0,1.0,24.0,1.0,54,14.2060217,121.1556496,1
Indonesia,Pakisaji,23.0,0.0,22.0,0.0,23,-8.063178,112.6002477,1
Indonesia,Bantul,46.0,1.0,25.0,0.0,46,-7.8877454,110.3274139,1
Malaysia,Sibu,61.0,3.0,21.0,0.0,61,2.29220955,111.87658661205317,1
Indonesia,Slawi,92.0,2.0,51.25,1.0,92,-6.9829139,109.1363731,2
Indonesia,Curup,69.0,1.0,29.0,0.0,69,-3.3354163,104.1518866,1
Indonesia,Gondang,136.25,3.5,9.0,2.5,135,-7.6118226,112.4893247,0
Philippines,Lusacan,90.0,2.0,25.0,2.5,90,13.952411,121.3440986,0
Indonesia,Jakarta,136.25,3.5,51.25,2.5,135,-6.175247,106.8270488,2
Indonesia,Kencong,54.0,1.0,32.0,0.0,54,-8.2738223,113.3685667,1
Thailand,Pho Chai,84.0,2.0,24.0,2.5,84,15.595854,104.0933534,0
Indonesia,Palu,50.0,1.0,7.0,1.0,50,-0.9051548,119.8722373,1
Malaysia,Jertih,66.0,1.0,33.0,0.0,66,5.7381427,102.4971539,1
Malaysia,Batu Berendam,65.0,2.0,30.0,0.0,65,2.2507491,102.2542092,1
Thailand,Ban Chang,52.0,0.0,22.0,1.0,52,14.0275998,100.5074786,1
Malaysia,Kuang,75.0,2.0,42.0,2.0,75,3.2581858,101.5547582,2
Malaysia,Kulim,61.0,1.0,43.0,0.0,61,5.3663769,100.5525705,1
Indonesia,Makasar,67.0,2.0,25.0,1.0,67,-5.1342962,119.4124282,1
Thailand,Phra Pradaeng,70.0,1.0,24.0,1.0,70,13.6591779,100.5338323,1
Philippines,Guiguinto,71.0,1.0,24.0,1.0,71,14.828214,120.878786,1
Indonesia,Rancaekek,136.25,3.5,3.0,2.5,135,-6.9648801,107.7559578,0
Philippines,Urbiztondo,119.0,2.0,26.0,2.5,119,15.8223901,120.3293751,0
Philippines,Castillejos,102.0,1.0,25.0,2.5,102,14.9320671,120.2005402,0
Indonesia,Katobu,22.0,0.0,18.0,0.0,22,-4.9408066,122.5275567,1
Philippines,Pasacao,53.0,1.0,23.0,0.0,53,13.5102072,123.0411504,1
Indonesia,Demak,85.0,1.0,47.0,1.0,85,-6.9229075,110.63509725731818,2
Indonesia,Klungkung,33.0,1.0,25.0,0.0,33,-8.107837,113.6768567,1
Malaysia,Kuching,46.0,1.0,16.0,0.0,46,1.5574127,110.3439862,1
Philippines,Balagtas,71.0,1.0,24.0,1.0,71,14.8177664,120.9083864,1
Philippines,San Narciso,69.0,0.0,25.0,0.0,69,15.0155166,120.0793689,1
Indonesia,Tayu,100.0,2.0,51.25,1.0,89,-7.05521225,110.2548083555875,2
Indonesia,Teluknaga,136.25,3.5,51.25,2.5,135,-6.0536646,106.6578901146651,2
Thailand,Ban Pong,39.0,0.0,23.0,0.0,39,19.3749745,99.1761264,1
Indonesia,Krian,136.25,3.0,51.25,1.0,135,-7.4106679,112.5784572,2
Indonesia,Manggar,34.0,0.0,19.0,0.0,34,-2.8672641,108.2759285,1
Philippines,Agoo,54.0,0.0,24.0,1.0,54,16.3223973,120.3670036,1
Philippines,Surigao,53.0,1.0,22.0,0.0,53,9.7905028,125.4935697,1
Malaysia,Sungai Besar,50.0,1.0,41.0,1.0,50,3.6777145,100.9880263,1
Myanmar,Sagaing,26.0,1.0,26.0,0.0,24,24.4768486,95.47473996361609,1
Philippines,Dapitan,37.0,1.0,17.0,0.0,37,8.6549449,123.4243754,1
Thailand,Ubon Ratchathani,46.0,1.0,26.0,0.0,46,15.1879684,105.3269544,1
Philippines,Iligan,56.0,1.0,22.0,0.0,56,8.2281556,124.2411508,1
Thailand,Kuchinarai,51.0,0.0,26.0,0.0,51,16.5376796,104.0510643,1
Indonesia,Mojokerto,136.25,3.0,51.25,1.0,135,-7.54133775,112.50949745736571,2
Malaysia,Temerloh,56.0,1.0,34.0,0.0,56,3.4505423,102.4189,1
Philippines,Koronadal,31.0,1.0,17.0,0.0,31,6.5004067,124.8435427,1
Thailand,Bang Sai,56.0,0.0,24.0,0.0,56,14.3200268,100.3003691,1
Indonesia,Boyolangu,48.0,1.0,28.0,0.0,48,-8.1192548,111.8937682,1
Indonesia,Tanete,57.0,1.0,23.0,1.0,57,-3.9443472,119.7848438,1
Indonesia,Ngunut,51.0,1.0,26.0,0.0,51,-8.1016234,112.0104268,1
Thailand,Sam Roi Yot,30.0,0.0,19.0,0.0,30,12.2126233,99.8807861,1
Myanmar,Letpadan,27.0,1.0,26.0,0.0,27,17.783333,95.75,1
Malaysia,Kudat,40.0,1.0,23.0,0.0,40,6.8824598,116.8494435,1
Philippines,Trapiche,51.0,1.0,19.0,0.0,51,10.6885218,122.4484058,1
Indonesia,Welahan,96.0,2.0,51.25,2.0,96,-6.7785531,110.7203007,2
Indonesia,Muncar,37.0,1.0,24.0,0.0,37,-8.4372524,114.3401241,1
Malaysia,Taiping,131.0,3.0,24.0,2.5,131,4.8546772,100.7438831,0
Thailand,Nong Phai,44.0,0.0,21.0,0.0,44,17.3199781,103.0848869,1
Thailand,Warin Chamrap,58.0,1.0,26.0,0.0,58,15.1984454,104.8628696,1
Indonesia,Margahayu,98.0,2.0,51.25,1.0,98,0.7026195,111.32048,2
Philippines,Maranding,42.0,0.0,15.0,0.0,42,7.922763,123.7728268,1
Malaysia,Teluk Intan,90.0,2.0,51.25,1.0,90,4.023176,101.026184,2
Malaysia,Rawang,136.25,3.5,8.0,2.5,135,3.3194651,101.5747699,0
Myanmar,Taungdwingyi,28.0,0.0,25.0,0.0,28,20.001873,95.546135,1
Thailand,Chiang Mai,20.0,0.0,20.0,0.0,20,18.7882778,98.9858802,1
Indonesia,Prambanan,55.0,1.0,27.0,0.0,55,-7.152447,114.3746226,1
Myanmar,Paungde,33.0,1.0,17.0,0.0,33,18.4928344,95.5071615,1
Thailand,Nakhon Si Thammarat,58.0,1.0,32.0,0.0,58,8.6772337,99.7309635,1
Indonesia,Kabanjahe,22.0,0.0,18.0,0.0,22,3.1009104,98.4891218,1
Philippines,Teresa,65.0,1.0,25.0,2.0,65,14.5588946,121.2079458,1
Malaysia,Marang,70.0,1.0,38.0,0.0,70,5.1666667,103.1666667,1
